{"login":["amgordon"],"id":[1580672],"node_id":["MDQ6VXNlcjE1ODA2NzI="],"avatar_url":["https://avatars1.githubusercontent.com/u/1580672?v=4"],"gravatar_id":[""],"url":["https://api.github.com/users/amgordon"],"html_url":["https://github.com/amgordon"],"followers_url":["https://api.github.com/users/amgordon/followers"],"following_url":["https://api.github.com/users/amgordon/following{/other_user}"],"gists_url":["https://api.github.com/users/amgordon/gists{/gist_id}"],"starred_url":["https://api.github.com/users/amgordon/starred{/owner}{/repo}"],"subscriptions_url":["https://api.github.com/users/amgordon/subscriptions"],"organizations_url":["https://api.github.com/users/amgordon/orgs"],"repos_url":["https://api.github.com/users/amgordon/repos"],"events_url":["https://api.github.com/users/amgordon/events{/privacy}"],"received_events_url":["https://api.github.com/users/amgordon/received_events"],"type":["User"],"site_admin":[false]}
