{"login":["AmirooR"],"id":[2026098],"node_id":["MDQ6VXNlcjIwMjYwOTg="],"avatar_url":["https://avatars2.githubusercontent.com/u/2026098?v=4"],"gravatar_id":[""],"url":["https://api.github.com/users/AmirooR"],"html_url":["https://github.com/AmirooR"],"followers_url":["https://api.github.com/users/AmirooR/followers"],"following_url":["https://api.github.com/users/AmirooR/following{/other_user}"],"gists_url":["https://api.github.com/users/AmirooR/gists{/gist_id}"],"starred_url":["https://api.github.com/users/AmirooR/starred{/owner}{/repo}"],"subscriptions_url":["https://api.github.com/users/AmirooR/subscriptions"],"organizations_url":["https://api.github.com/users/AmirooR/orgs"],"repos_url":["https://api.github.com/users/AmirooR/repos"],"events_url":["https://api.github.com/users/AmirooR/events{/privacy}"],"received_events_url":["https://api.github.com/users/AmirooR/received_events"],"type":["User"],"site_admin":[false]}
