{"login":["arnaldorusso"],"id":[1857142],"node_id":["MDQ6VXNlcjE4NTcxNDI="],"avatar_url":["https://avatars3.githubusercontent.com/u/1857142?v=4"],"gravatar_id":[""],"url":["https://api.github.com/users/arnaldorusso"],"html_url":["https://github.com/arnaldorusso"],"followers_url":["https://api.github.com/users/arnaldorusso/followers"],"following_url":["https://api.github.com/users/arnaldorusso/following{/other_user}"],"gists_url":["https://api.github.com/users/arnaldorusso/gists{/gist_id}"],"starred_url":["https://api.github.com/users/arnaldorusso/starred{/owner}{/repo}"],"subscriptions_url":["https://api.github.com/users/arnaldorusso/subscriptions"],"organizations_url":["https://api.github.com/users/arnaldorusso/orgs"],"repos_url":["https://api.github.com/users/arnaldorusso/repos"],"events_url":["https://api.github.com/users/arnaldorusso/events{/privacy}"],"received_events_url":["https://api.github.com/users/arnaldorusso/received_events"],"type":["User"],"site_admin":[false]}
