{"login":["arokem"],"id":[118582],"node_id":["MDQ6VXNlcjExODU4Mg=="],"avatar_url":["https://avatars1.githubusercontent.com/u/118582?v=4"],"gravatar_id":[""],"url":["https://api.github.com/users/arokem"],"html_url":["https://github.com/arokem"],"followers_url":["https://api.github.com/users/arokem/followers"],"following_url":["https://api.github.com/users/arokem/following{/other_user}"],"gists_url":["https://api.github.com/users/arokem/gists{/gist_id}"],"starred_url":["https://api.github.com/users/arokem/starred{/owner}{/repo}"],"subscriptions_url":["https://api.github.com/users/arokem/subscriptions"],"organizations_url":["https://api.github.com/users/arokem/orgs"],"repos_url":["https://api.github.com/users/arokem/repos"],"events_url":["https://api.github.com/users/arokem/events{/privacy}"],"received_events_url":["https://api.github.com/users/arokem/received_events"],"type":["User"],"site_admin":[false]}
