{"login":["aurora1625"],"id":[3759821],"node_id":["MDQ6VXNlcjM3NTk4MjE="],"avatar_url":["https://avatars3.githubusercontent.com/u/3759821?v=4"],"gravatar_id":[""],"url":["https://api.github.com/users/aurora1625"],"html_url":["https://github.com/aurora1625"],"followers_url":["https://api.github.com/users/aurora1625/followers"],"following_url":["https://api.github.com/users/aurora1625/following{/other_user}"],"gists_url":["https://api.github.com/users/aurora1625/gists{/gist_id}"],"starred_url":["https://api.github.com/users/aurora1625/starred{/owner}{/repo}"],"subscriptions_url":["https://api.github.com/users/aurora1625/subscriptions"],"organizations_url":["https://api.github.com/users/aurora1625/orgs"],"repos_url":["https://api.github.com/users/aurora1625/repos"],"events_url":["https://api.github.com/users/aurora1625/events{/privacy}"],"received_events_url":["https://api.github.com/users/aurora1625/received_events"],"type":["User"],"site_admin":[false]}
