{"login":["bravalonyoyi"],"id":[6028553],"node_id":["MDQ6VXNlcjYwMjg1NTM="],"avatar_url":["https://avatars3.githubusercontent.com/u/6028553?v=4"],"gravatar_id":[""],"url":["https://api.github.com/users/bravalonyoyi"],"html_url":["https://github.com/bravalonyoyi"],"followers_url":["https://api.github.com/users/bravalonyoyi/followers"],"following_url":["https://api.github.com/users/bravalonyoyi/following{/other_user}"],"gists_url":["https://api.github.com/users/bravalonyoyi/gists{/gist_id}"],"starred_url":["https://api.github.com/users/bravalonyoyi/starred{/owner}{/repo}"],"subscriptions_url":["https://api.github.com/users/bravalonyoyi/subscriptions"],"organizations_url":["https://api.github.com/users/bravalonyoyi/orgs"],"repos_url":["https://api.github.com/users/bravalonyoyi/repos"],"events_url":["https://api.github.com/users/bravalonyoyi/events{/privacy}"],"received_events_url":["https://api.github.com/users/bravalonyoyi/received_events"],"type":["User"],"site_admin":[false]}
