{"login":["Conxz"],"id":[712044],"node_id":["MDQ6VXNlcjcxMjA0NA=="],"avatar_url":["https://avatars2.githubusercontent.com/u/712044?v=4"],"gravatar_id":[""],"url":["https://api.github.com/users/Conxz"],"html_url":["https://github.com/Conxz"],"followers_url":["https://api.github.com/users/Conxz/followers"],"following_url":["https://api.github.com/users/Conxz/following{/other_user}"],"gists_url":["https://api.github.com/users/Conxz/gists{/gist_id}"],"starred_url":["https://api.github.com/users/Conxz/starred{/owner}{/repo}"],"subscriptions_url":["https://api.github.com/users/Conxz/subscriptions"],"organizations_url":["https://api.github.com/users/Conxz/orgs"],"repos_url":["https://api.github.com/users/Conxz/repos"],"events_url":["https://api.github.com/users/Conxz/events{/privacy}"],"received_events_url":["https://api.github.com/users/Conxz/received_events"],"type":["User"],"site_admin":[false]}
