{"login":["danlurie"],"id":[1873103],"node_id":["MDQ6VXNlcjE4NzMxMDM="],"avatar_url":["https://avatars1.githubusercontent.com/u/1873103?v=4"],"gravatar_id":[""],"url":["https://api.github.com/users/danlurie"],"html_url":["https://github.com/danlurie"],"followers_url":["https://api.github.com/users/danlurie/followers"],"following_url":["https://api.github.com/users/danlurie/following{/other_user}"],"gists_url":["https://api.github.com/users/danlurie/gists{/gist_id}"],"starred_url":["https://api.github.com/users/danlurie/starred{/owner}{/repo}"],"subscriptions_url":["https://api.github.com/users/danlurie/subscriptions"],"organizations_url":["https://api.github.com/users/danlurie/orgs"],"repos_url":["https://api.github.com/users/danlurie/repos"],"events_url":["https://api.github.com/users/danlurie/events{/privacy}"],"received_events_url":["https://api.github.com/users/danlurie/received_events"],"type":["User"],"site_admin":[false]}
