{"login":["hessammehr"],"id":[392251],"node_id":["MDQ6VXNlcjM5MjI1MQ=="],"avatar_url":["https://avatars0.githubusercontent.com/u/392251?v=4"],"gravatar_id":[""],"url":["https://api.github.com/users/hessammehr"],"html_url":["https://github.com/hessammehr"],"followers_url":["https://api.github.com/users/hessammehr/followers"],"following_url":["https://api.github.com/users/hessammehr/following{/other_user}"],"gists_url":["https://api.github.com/users/hessammehr/gists{/gist_id}"],"starred_url":["https://api.github.com/users/hessammehr/starred{/owner}{/repo}"],"subscriptions_url":["https://api.github.com/users/hessammehr/subscriptions"],"organizations_url":["https://api.github.com/users/hessammehr/orgs"],"repos_url":["https://api.github.com/users/hessammehr/repos"],"events_url":["https://api.github.com/users/hessammehr/events{/privacy}"],"received_events_url":["https://api.github.com/users/hessammehr/received_events"],"type":["User"],"site_admin":[false]}
