{"login":["jackparmer"],"id":[1865834],"node_id":["MDQ6VXNlcjE4NjU4MzQ="],"avatar_url":["https://avatars0.githubusercontent.com/u/1865834?v=4"],"gravatar_id":[""],"url":["https://api.github.com/users/jackparmer"],"html_url":["https://github.com/jackparmer"],"followers_url":["https://api.github.com/users/jackparmer/followers"],"following_url":["https://api.github.com/users/jackparmer/following{/other_user}"],"gists_url":["https://api.github.com/users/jackparmer/gists{/gist_id}"],"starred_url":["https://api.github.com/users/jackparmer/starred{/owner}{/repo}"],"subscriptions_url":["https://api.github.com/users/jackparmer/subscriptions"],"organizations_url":["https://api.github.com/users/jackparmer/orgs"],"repos_url":["https://api.github.com/users/jackparmer/repos"],"events_url":["https://api.github.com/users/jackparmer/events{/privacy}"],"received_events_url":["https://api.github.com/users/jackparmer/received_events"],"type":["User"],"site_admin":[false]}
