{"login":["jareyes"],"id":[1164934],"node_id":["MDQ6VXNlcjExNjQ5MzQ="],"avatar_url":["https://avatars0.githubusercontent.com/u/1164934?v=4"],"gravatar_id":[""],"url":["https://api.github.com/users/jareyes"],"html_url":["https://github.com/jareyes"],"followers_url":["https://api.github.com/users/jareyes/followers"],"following_url":["https://api.github.com/users/jareyes/following{/other_user}"],"gists_url":["https://api.github.com/users/jareyes/gists{/gist_id}"],"starred_url":["https://api.github.com/users/jareyes/starred{/owner}{/repo}"],"subscriptions_url":["https://api.github.com/users/jareyes/subscriptions"],"organizations_url":["https://api.github.com/users/jareyes/orgs"],"repos_url":["https://api.github.com/users/jareyes/repos"],"events_url":["https://api.github.com/users/jareyes/events{/privacy}"],"received_events_url":["https://api.github.com/users/jareyes/received_events"],"type":["User"],"site_admin":[false]}
