{"login":["joferkington"],"id":[906803],"node_id":["MDQ6VXNlcjkwNjgwMw=="],"avatar_url":["https://avatars1.githubusercontent.com/u/906803?v=4"],"gravatar_id":[""],"url":["https://api.github.com/users/joferkington"],"html_url":["https://github.com/joferkington"],"followers_url":["https://api.github.com/users/joferkington/followers"],"following_url":["https://api.github.com/users/joferkington/following{/other_user}"],"gists_url":["https://api.github.com/users/joferkington/gists{/gist_id}"],"starred_url":["https://api.github.com/users/joferkington/starred{/owner}{/repo}"],"subscriptions_url":["https://api.github.com/users/joferkington/subscriptions"],"organizations_url":["https://api.github.com/users/joferkington/orgs"],"repos_url":["https://api.github.com/users/joferkington/repos"],"events_url":["https://api.github.com/users/joferkington/events{/privacy}"],"received_events_url":["https://api.github.com/users/joferkington/received_events"],"type":["User"],"site_admin":[false]}
