{"login":["lmcintosh"],"id":[543568],"node_id":["MDQ6VXNlcjU0MzU2OA=="],"avatar_url":["https://avatars3.githubusercontent.com/u/543568?v=4"],"gravatar_id":[""],"url":["https://api.github.com/users/lmcintosh"],"html_url":["https://github.com/lmcintosh"],"followers_url":["https://api.github.com/users/lmcintosh/followers"],"following_url":["https://api.github.com/users/lmcintosh/following{/other_user}"],"gists_url":["https://api.github.com/users/lmcintosh/gists{/gist_id}"],"starred_url":["https://api.github.com/users/lmcintosh/starred{/owner}{/repo}"],"subscriptions_url":["https://api.github.com/users/lmcintosh/subscriptions"],"organizations_url":["https://api.github.com/users/lmcintosh/orgs"],"repos_url":["https://api.github.com/users/lmcintosh/repos"],"events_url":["https://api.github.com/users/lmcintosh/events{/privacy}"],"received_events_url":["https://api.github.com/users/lmcintosh/received_events"],"type":["User"],"site_admin":[false]}
