{"login":["mhough"],"id":[537563],"node_id":["MDQ6VXNlcjUzNzU2Mw=="],"avatar_url":["https://avatars1.githubusercontent.com/u/537563?v=4"],"gravatar_id":[""],"url":["https://api.github.com/users/mhough"],"html_url":["https://github.com/mhough"],"followers_url":["https://api.github.com/users/mhough/followers"],"following_url":["https://api.github.com/users/mhough/following{/other_user}"],"gists_url":["https://api.github.com/users/mhough/gists{/gist_id}"],"starred_url":["https://api.github.com/users/mhough/starred{/owner}{/repo}"],"subscriptions_url":["https://api.github.com/users/mhough/subscriptions"],"organizations_url":["https://api.github.com/users/mhough/orgs"],"repos_url":["https://api.github.com/users/mhough/repos"],"events_url":["https://api.github.com/users/mhough/events{/privacy}"],"received_events_url":["https://api.github.com/users/mhough/received_events"],"type":["User"],"site_admin":[false]}
