{"login":["mirri66"],"id":[780748],"node_id":["MDQ6VXNlcjc4MDc0OA=="],"avatar_url":["https://avatars3.githubusercontent.com/u/780748?v=4"],"gravatar_id":[""],"url":["https://api.github.com/users/mirri66"],"html_url":["https://github.com/mirri66"],"followers_url":["https://api.github.com/users/mirri66/followers"],"following_url":["https://api.github.com/users/mirri66/following{/other_user}"],"gists_url":["https://api.github.com/users/mirri66/gists{/gist_id}"],"starred_url":["https://api.github.com/users/mirri66/starred{/owner}{/repo}"],"subscriptions_url":["https://api.github.com/users/mirri66/subscriptions"],"organizations_url":["https://api.github.com/users/mirri66/orgs"],"repos_url":["https://api.github.com/users/mirri66/repos"],"events_url":["https://api.github.com/users/mirri66/events{/privacy}"],"received_events_url":["https://api.github.com/users/mirri66/received_events"],"type":["User"],"site_admin":[false]}
