{"login":["mmazaheri"],"id":[3961460],"node_id":["MDQ6VXNlcjM5NjE0NjA="],"avatar_url":["https://avatars2.githubusercontent.com/u/3961460?v=4"],"gravatar_id":[""],"url":["https://api.github.com/users/mmazaheri"],"html_url":["https://github.com/mmazaheri"],"followers_url":["https://api.github.com/users/mmazaheri/followers"],"following_url":["https://api.github.com/users/mmazaheri/following{/other_user}"],"gists_url":["https://api.github.com/users/mmazaheri/gists{/gist_id}"],"starred_url":["https://api.github.com/users/mmazaheri/starred{/owner}{/repo}"],"subscriptions_url":["https://api.github.com/users/mmazaheri/subscriptions"],"organizations_url":["https://api.github.com/users/mmazaheri/orgs"],"repos_url":["https://api.github.com/users/mmazaheri/repos"],"events_url":["https://api.github.com/users/mmazaheri/events{/privacy}"],"received_events_url":["https://api.github.com/users/mmazaheri/received_events"],"type":["User"],"site_admin":[false]}
