{"login":["nadan"],"id":[481155],"node_id":["MDQ6VXNlcjQ4MTE1NQ=="],"avatar_url":["https://avatars0.githubusercontent.com/u/481155?v=4"],"gravatar_id":[""],"url":["https://api.github.com/users/nadan"],"html_url":["https://github.com/nadan"],"followers_url":["https://api.github.com/users/nadan/followers"],"following_url":["https://api.github.com/users/nadan/following{/other_user}"],"gists_url":["https://api.github.com/users/nadan/gists{/gist_id}"],"starred_url":["https://api.github.com/users/nadan/starred{/owner}{/repo}"],"subscriptions_url":["https://api.github.com/users/nadan/subscriptions"],"organizations_url":["https://api.github.com/users/nadan/orgs"],"repos_url":["https://api.github.com/users/nadan/repos"],"events_url":["https://api.github.com/users/nadan/events{/privacy}"],"received_events_url":["https://api.github.com/users/nadan/received_events"],"type":["User"],"site_admin":[false]}
