{"login":["onecoders"],"id":[3477738],"node_id":["MDQ6VXNlcjM0Nzc3Mzg="],"avatar_url":["https://avatars1.githubusercontent.com/u/3477738?v=4"],"gravatar_id":[""],"url":["https://api.github.com/users/onecoders"],"html_url":["https://github.com/onecoders"],"followers_url":["https://api.github.com/users/onecoders/followers"],"following_url":["https://api.github.com/users/onecoders/following{/other_user}"],"gists_url":["https://api.github.com/users/onecoders/gists{/gist_id}"],"starred_url":["https://api.github.com/users/onecoders/starred{/owner}{/repo}"],"subscriptions_url":["https://api.github.com/users/onecoders/subscriptions"],"organizations_url":["https://api.github.com/users/onecoders/orgs"],"repos_url":["https://api.github.com/users/onecoders/repos"],"events_url":["https://api.github.com/users/onecoders/events{/privacy}"],"received_events_url":["https://api.github.com/users/onecoders/received_events"],"type":["User"],"site_admin":[false]}
