{"login":["ozdemircili"],"id":[3778744],"node_id":["MDQ6VXNlcjM3Nzg3NDQ="],"avatar_url":["https://avatars3.githubusercontent.com/u/3778744?v=4"],"gravatar_id":[""],"url":["https://api.github.com/users/ozdemircili"],"html_url":["https://github.com/ozdemircili"],"followers_url":["https://api.github.com/users/ozdemircili/followers"],"following_url":["https://api.github.com/users/ozdemircili/following{/other_user}"],"gists_url":["https://api.github.com/users/ozdemircili/gists{/gist_id}"],"starred_url":["https://api.github.com/users/ozdemircili/starred{/owner}{/repo}"],"subscriptions_url":["https://api.github.com/users/ozdemircili/subscriptions"],"organizations_url":["https://api.github.com/users/ozdemircili/orgs"],"repos_url":["https://api.github.com/users/ozdemircili/repos"],"events_url":["https://api.github.com/users/ozdemircili/events{/privacy}"],"received_events_url":["https://api.github.com/users/ozdemircili/received_events"],"type":["User"],"site_admin":[false]}
