{"login":["Quebecisnice"],"id":[612907],"node_id":["MDQ6VXNlcjYxMjkwNw=="],"avatar_url":["https://avatars1.githubusercontent.com/u/612907?v=4"],"gravatar_id":[""],"url":["https://api.github.com/users/Quebecisnice"],"html_url":["https://github.com/Quebecisnice"],"followers_url":["https://api.github.com/users/Quebecisnice/followers"],"following_url":["https://api.github.com/users/Quebecisnice/following{/other_user}"],"gists_url":["https://api.github.com/users/Quebecisnice/gists{/gist_id}"],"starred_url":["https://api.github.com/users/Quebecisnice/starred{/owner}{/repo}"],"subscriptions_url":["https://api.github.com/users/Quebecisnice/subscriptions"],"organizations_url":["https://api.github.com/users/Quebecisnice/orgs"],"repos_url":["https://api.github.com/users/Quebecisnice/repos"],"events_url":["https://api.github.com/users/Quebecisnice/events{/privacy}"],"received_events_url":["https://api.github.com/users/Quebecisnice/received_events"],"type":["User"],"site_admin":[false]}
