{"login":["SamuraiT"],"id":[4782857],"node_id":["MDQ6VXNlcjQ3ODI4NTc="],"avatar_url":["https://avatars1.githubusercontent.com/u/4782857?v=4"],"gravatar_id":[""],"url":["https://api.github.com/users/SamuraiT"],"html_url":["https://github.com/SamuraiT"],"followers_url":["https://api.github.com/users/SamuraiT/followers"],"following_url":["https://api.github.com/users/SamuraiT/following{/other_user}"],"gists_url":["https://api.github.com/users/SamuraiT/gists{/gist_id}"],"starred_url":["https://api.github.com/users/SamuraiT/starred{/owner}{/repo}"],"subscriptions_url":["https://api.github.com/users/SamuraiT/subscriptions"],"organizations_url":["https://api.github.com/users/SamuraiT/orgs"],"repos_url":["https://api.github.com/users/SamuraiT/repos"],"events_url":["https://api.github.com/users/SamuraiT/events{/privacy}"],"received_events_url":["https://api.github.com/users/SamuraiT/received_events"],"type":["User"],"site_admin":[false]}
