{"login":["satpreetsingh"],"id":[931141],"node_id":["MDQ6VXNlcjkzMTE0MQ=="],"avatar_url":["https://avatars0.githubusercontent.com/u/931141?v=4"],"gravatar_id":[""],"url":["https://api.github.com/users/satpreetsingh"],"html_url":["https://github.com/satpreetsingh"],"followers_url":["https://api.github.com/users/satpreetsingh/followers"],"following_url":["https://api.github.com/users/satpreetsingh/following{/other_user}"],"gists_url":["https://api.github.com/users/satpreetsingh/gists{/gist_id}"],"starred_url":["https://api.github.com/users/satpreetsingh/starred{/owner}{/repo}"],"subscriptions_url":["https://api.github.com/users/satpreetsingh/subscriptions"],"organizations_url":["https://api.github.com/users/satpreetsingh/orgs"],"repos_url":["https://api.github.com/users/satpreetsingh/repos"],"events_url":["https://api.github.com/users/satpreetsingh/events{/privacy}"],"received_events_url":["https://api.github.com/users/satpreetsingh/received_events"],"type":["User"],"site_admin":[false]}
