{"login":["sgagnon"],"id":[2769923],"node_id":["MDQ6VXNlcjI3Njk5MjM="],"avatar_url":["https://avatars2.githubusercontent.com/u/2769923?v=4"],"gravatar_id":[""],"url":["https://api.github.com/users/sgagnon"],"html_url":["https://github.com/sgagnon"],"followers_url":["https://api.github.com/users/sgagnon/followers"],"following_url":["https://api.github.com/users/sgagnon/following{/other_user}"],"gists_url":["https://api.github.com/users/sgagnon/gists{/gist_id}"],"starred_url":["https://api.github.com/users/sgagnon/starred{/owner}{/repo}"],"subscriptions_url":["https://api.github.com/users/sgagnon/subscriptions"],"organizations_url":["https://api.github.com/users/sgagnon/orgs"],"repos_url":["https://api.github.com/users/sgagnon/repos"],"events_url":["https://api.github.com/users/sgagnon/events{/privacy}"],"received_events_url":["https://api.github.com/users/sgagnon/received_events"],"type":["User"],"site_admin":[false]}
