{"login":["ssikka"],"id":[1062310],"node_id":["MDQ6VXNlcjEwNjIzMTA="],"avatar_url":["https://avatars0.githubusercontent.com/u/1062310?v=4"],"gravatar_id":[""],"url":["https://api.github.com/users/ssikka"],"html_url":["https://github.com/ssikka"],"followers_url":["https://api.github.com/users/ssikka/followers"],"following_url":["https://api.github.com/users/ssikka/following{/other_user}"],"gists_url":["https://api.github.com/users/ssikka/gists{/gist_id}"],"starred_url":["https://api.github.com/users/ssikka/starred{/owner}{/repo}"],"subscriptions_url":["https://api.github.com/users/ssikka/subscriptions"],"organizations_url":["https://api.github.com/users/ssikka/orgs"],"repos_url":["https://api.github.com/users/ssikka/repos"],"events_url":["https://api.github.com/users/ssikka/events{/privacy}"],"received_events_url":["https://api.github.com/users/ssikka/received_events"],"type":["User"],"site_admin":[false]}
