{"login":["twiecki"],"id":[674200],"node_id":["MDQ6VXNlcjY3NDIwMA=="],"avatar_url":["https://avatars2.githubusercontent.com/u/674200?v=4"],"gravatar_id":[""],"url":["https://api.github.com/users/twiecki"],"html_url":["https://github.com/twiecki"],"followers_url":["https://api.github.com/users/twiecki/followers"],"following_url":["https://api.github.com/users/twiecki/following{/other_user}"],"gists_url":["https://api.github.com/users/twiecki/gists{/gist_id}"],"starred_url":["https://api.github.com/users/twiecki/starred{/owner}{/repo}"],"subscriptions_url":["https://api.github.com/users/twiecki/subscriptions"],"organizations_url":["https://api.github.com/users/twiecki/orgs"],"repos_url":["https://api.github.com/users/twiecki/repos"],"events_url":["https://api.github.com/users/twiecki/events{/privacy}"],"received_events_url":["https://api.github.com/users/twiecki/received_events"],"type":["User"],"site_admin":[false]}
