{"login":["VarunChhangani"],"id":[5203558],"node_id":["MDQ6VXNlcjUyMDM1NTg="],"avatar_url":["https://avatars2.githubusercontent.com/u/5203558?v=4"],"gravatar_id":[""],"url":["https://api.github.com/users/VarunChhangani"],"html_url":["https://github.com/VarunChhangani"],"followers_url":["https://api.github.com/users/VarunChhangani/followers"],"following_url":["https://api.github.com/users/VarunChhangani/following{/other_user}"],"gists_url":["https://api.github.com/users/VarunChhangani/gists{/gist_id}"],"starred_url":["https://api.github.com/users/VarunChhangani/starred{/owner}{/repo}"],"subscriptions_url":["https://api.github.com/users/VarunChhangani/subscriptions"],"organizations_url":["https://api.github.com/users/VarunChhangani/orgs"],"repos_url":["https://api.github.com/users/VarunChhangani/repos"],"events_url":["https://api.github.com/users/VarunChhangani/events{/privacy}"],"received_events_url":["https://api.github.com/users/VarunChhangani/received_events"],"type":["User"],"site_admin":[false]}
