{"login":["wanlin"],"id":[374140],"node_id":["MDQ6VXNlcjM3NDE0MA=="],"avatar_url":["https://avatars1.githubusercontent.com/u/374140?v=4"],"gravatar_id":[""],"url":["https://api.github.com/users/wanlin"],"html_url":["https://github.com/wanlin"],"followers_url":["https://api.github.com/users/wanlin/followers"],"following_url":["https://api.github.com/users/wanlin/following{/other_user}"],"gists_url":["https://api.github.com/users/wanlin/gists{/gist_id}"],"starred_url":["https://api.github.com/users/wanlin/starred{/owner}{/repo}"],"subscriptions_url":["https://api.github.com/users/wanlin/subscriptions"],"organizations_url":["https://api.github.com/users/wanlin/orgs"],"repos_url":["https://api.github.com/users/wanlin/repos"],"events_url":["https://api.github.com/users/wanlin/events{/privacy}"],"received_events_url":["https://api.github.com/users/wanlin/received_events"],"type":["User"],"site_admin":[false]}
