{"login":["warrenwinter"],"id":[2047398],"node_id":["MDQ6VXNlcjIwNDczOTg="],"avatar_url":["https://avatars3.githubusercontent.com/u/2047398?v=4"],"gravatar_id":[""],"url":["https://api.github.com/users/warrenwinter"],"html_url":["https://github.com/warrenwinter"],"followers_url":["https://api.github.com/users/warrenwinter/followers"],"following_url":["https://api.github.com/users/warrenwinter/following{/other_user}"],"gists_url":["https://api.github.com/users/warrenwinter/gists{/gist_id}"],"starred_url":["https://api.github.com/users/warrenwinter/starred{/owner}{/repo}"],"subscriptions_url":["https://api.github.com/users/warrenwinter/subscriptions"],"organizations_url":["https://api.github.com/users/warrenwinter/orgs"],"repos_url":["https://api.github.com/users/warrenwinter/repos"],"events_url":["https://api.github.com/users/warrenwinter/events{/privacy}"],"received_events_url":["https://api.github.com/users/warrenwinter/received_events"],"type":["User"],"site_admin":[false]}
