{"login":["wcyee"],"id":[50005],"node_id":["MDQ6VXNlcjUwMDA1"],"avatar_url":["https://avatars1.githubusercontent.com/u/50005?v=4"],"gravatar_id":[""],"url":["https://api.github.com/users/wcyee"],"html_url":["https://github.com/wcyee"],"followers_url":["https://api.github.com/users/wcyee/followers"],"following_url":["https://api.github.com/users/wcyee/following{/other_user}"],"gists_url":["https://api.github.com/users/wcyee/gists{/gist_id}"],"starred_url":["https://api.github.com/users/wcyee/starred{/owner}{/repo}"],"subscriptions_url":["https://api.github.com/users/wcyee/subscriptions"],"organizations_url":["https://api.github.com/users/wcyee/orgs"],"repos_url":["https://api.github.com/users/wcyee/repos"],"events_url":["https://api.github.com/users/wcyee/events{/privacy}"],"received_events_url":["https://api.github.com/users/wcyee/received_events"],"type":["User"],"site_admin":[false]}
