{"login":["xuanhan863"],"id":[35346],"node_id":["MDQ6VXNlcjM1MzQ2"],"avatar_url":["https://avatars0.githubusercontent.com/u/35346?v=4"],"gravatar_id":[""],"url":["https://api.github.com/users/xuanhan863"],"html_url":["https://github.com/xuanhan863"],"followers_url":["https://api.github.com/users/xuanhan863/followers"],"following_url":["https://api.github.com/users/xuanhan863/following{/other_user}"],"gists_url":["https://api.github.com/users/xuanhan863/gists{/gist_id}"],"starred_url":["https://api.github.com/users/xuanhan863/starred{/owner}{/repo}"],"subscriptions_url":["https://api.github.com/users/xuanhan863/subscriptions"],"organizations_url":["https://api.github.com/users/xuanhan863/orgs"],"repos_url":["https://api.github.com/users/xuanhan863/repos"],"events_url":["https://api.github.com/users/xuanhan863/events{/privacy}"],"received_events_url":["https://api.github.com/users/xuanhan863/received_events"],"type":["User"],"site_admin":[false]}
