{"id":[87067208],"node_id":["MDEwOlJlcG9zaXRvcnk4NzA2NzIwOA=="],"name":["Accounts-Laravel-Vue-JS"],"full_name":["JShilpa/Accounts-Laravel-Vue-JS"],"private":[false],"owner":{"login":["JShilpa"],"id":[12977242],"node_id":["MDQ6VXNlcjEyOTc3MjQy"],"avatar_url":["https://avatars3.githubusercontent.com/u/12977242?v=4"],"gravatar_id":[""],"url":["https://api.github.com/users/JShilpa"],"html_url":["https://github.com/JShilpa"],"followers_url":["https://api.github.com/users/JShilpa/followers"],"following_url":["https://api.github.com/users/JShilpa/following{/other_user}"],"gists_url":["https://api.github.com/users/JShilpa/gists{/gist_id}"],"starred_url":["https://api.github.com/users/JShilpa/starred{/owner}{/repo}"],"subscriptions_url":["https://api.github.com/users/JShilpa/subscriptions"],"organizations_url":["https://api.github.com/users/JShilpa/orgs"],"repos_url":["https://api.github.com/users/JShilpa/repos"],"events_url":["https://api.github.com/users/JShilpa/events{/privacy}"],"received_events_url":["https://api.github.com/users/JShilpa/received_events"],"type":["User"],"site_admin":[false]},"html_url":["https://github.com/JShilpa/Accounts-Laravel-Vue-JS"],"description":{},"fork":[false],"url":["https://api.github.com/repos/JShilpa/Accounts-Laravel-Vue-JS"],"forks_url":["https://api.github.com/repos/JShilpa/Accounts-Laravel-Vue-JS/forks"],"keys_url":["https://api.github.com/repos/JShilpa/Accounts-Laravel-Vue-JS/keys{/key_id}"],"collaborators_url":["https://api.github.com/repos/JShilpa/Accounts-Laravel-Vue-JS/collaborators{/collaborator}"],"teams_url":["https://api.github.com/repos/JShilpa/Accounts-Laravel-Vue-JS/teams"],"hooks_url":["https://api.github.com/repos/JShilpa/Accounts-Laravel-Vue-JS/hooks"],"issue_events_url":["https://api.github.com/repos/JShilpa/Accounts-Laravel-Vue-JS/issues/events{/number}"],"events_url":["https://api.github.com/repos/JShilpa/Accounts-Laravel-Vue-JS/events"],"assignees_url":["https://api.github.com/repos/JShilpa/Accounts-Laravel-Vue-JS/assignees{/user}"],"branches_url":["https://api.github.com/repos/JShilpa/Accounts-Laravel-Vue-JS/branches{/branch}"],"tags_url":["https://api.github.com/repos/JShilpa/Accounts-Laravel-Vue-JS/tags"],"blobs_url":["https://api.github.com/repos/JShilpa/Accounts-Laravel-Vue-JS/git/blobs{/sha}"],"git_tags_url":["https://api.github.com/repos/JShilpa/Accounts-Laravel-Vue-JS/git/tags{/sha}"],"git_refs_url":["https://api.github.com/repos/JShilpa/Accounts-Laravel-Vue-JS/git/refs{/sha}"],"trees_url":["https://api.github.com/repos/JShilpa/Accounts-Laravel-Vue-JS/git/trees{/sha}"],"statuses_url":["https://api.github.com/repos/JShilpa/Accounts-Laravel-Vue-JS/statuses/{sha}"],"languages_url":["https://api.github.com/repos/JShilpa/Accounts-Laravel-Vue-JS/languages"],"stargazers_url":["https://api.github.com/repos/JShilpa/Accounts-Laravel-Vue-JS/stargazers"],"contributors_url":["https://api.github.com/repos/JShilpa/Accounts-Laravel-Vue-JS/contributors"],"subscribers_url":["https://api.github.com/repos/JShilpa/Accounts-Laravel-Vue-JS/subscribers"],"subscription_url":["https://api.github.com/repos/JShilpa/Accounts-Laravel-Vue-JS/subscription"],"commits_url":["https://api.github.com/repos/JShilpa/Accounts-Laravel-Vue-JS/commits{/sha}"],"git_commits_url":["https://api.github.com/repos/JShilpa/Accounts-Laravel-Vue-JS/git/commits{/sha}"],"comments_url":["https://api.github.com/repos/JShilpa/Accounts-Laravel-Vue-JS/comments{/number}"],"issue_comment_url":["https://api.github.com/repos/JShilpa/Accounts-Laravel-Vue-JS/issues/comments{/number}"],"contents_url":["https://api.github.com/repos/JShilpa/Accounts-Laravel-Vue-JS/contents/{+path}"],"compare_url":["https://api.github.com/repos/JShilpa/Accounts-Laravel-Vue-JS/compare/{base}...{head}"],"merges_url":["https://api.github.com/repos/JShilpa/Accounts-Laravel-Vue-JS/merges"],"archive_url":["https://api.github.com/repos/JShilpa/Accounts-Laravel-Vue-JS/{archive_format}{/ref}"],"downloads_url":["https://api.github.com/repos/JShilpa/Accounts-Laravel-Vue-JS/downloads"],"issues_url":["https://api.github.com/repos/JShilpa/Accounts-Laravel-Vue-JS/issues{/number}"],"pulls_url":["https://api.github.com/repos/JShilpa/Accounts-Laravel-Vue-JS/pulls{/number}"],"milestones_url":["https://api.github.com/repos/JShilpa/Accounts-Laravel-Vue-JS/milestones{/number}"],"notifications_url":["https://api.github.com/repos/JShilpa/Accounts-Laravel-Vue-JS/notifications{?since,all,participating}"],"labels_url":["https://api.github.com/repos/JShilpa/Accounts-Laravel-Vue-JS/labels{/name}"],"releases_url":["https://api.github.com/repos/JShilpa/Accounts-Laravel-Vue-JS/releases{/id}"],"deployments_url":["https://api.github.com/repos/JShilpa/Accounts-Laravel-Vue-JS/deployments"],"created_at":["2017-04-03T11:34:32Z"],"updated_at":["2017-04-03T11:38:03Z"],"pushed_at":["2017-04-03T11:38:00Z"],"git_url":["git://github.com/JShilpa/Accounts-Laravel-Vue-JS.git"],"ssh_url":["git@github.com:JShilpa/Accounts-Laravel-Vue-JS.git"],"clone_url":["https://github.com/JShilpa/Accounts-Laravel-Vue-JS.git"],"svn_url":["https://github.com/JShilpa/Accounts-Laravel-Vue-JS"],"homepage":{},"size":[15061],"stargazers_count":[0],"watchers_count":[0],"language":["JavaScript"],"has_issues":[true],"has_projects":[true],"has_downloads":[true],"has_wiki":[true],"has_pages":[false],"forks_count":[0],"mirror_url":{},"archived":[false],"disabled":[false],"open_issues_count":[0],"license":{},"forks":[0],"open_issues":[0],"watchers":[0],"default_branch":["master"],"permissions":{"admin":[true],"push":[true],"pull":[true]}}
