{"id":[127335343],"node_id":["MDEwOlJlcG9zaXRvcnkxMjczMzUzNDM="],"name":["ama"],"full_name":["JShilpa/ama"],"private":[false],"owner":{"login":["JShilpa"],"id":[12977242],"node_id":["MDQ6VXNlcjEyOTc3MjQy"],"avatar_url":["https://avatars3.githubusercontent.com/u/12977242?v=4"],"gravatar_id":[""],"url":["https://api.github.com/users/JShilpa"],"html_url":["https://github.com/JShilpa"],"followers_url":["https://api.github.com/users/JShilpa/followers"],"following_url":["https://api.github.com/users/JShilpa/following{/other_user}"],"gists_url":["https://api.github.com/users/JShilpa/gists{/gist_id}"],"starred_url":["https://api.github.com/users/JShilpa/starred{/owner}{/repo}"],"subscriptions_url":["https://api.github.com/users/JShilpa/subscriptions"],"organizations_url":["https://api.github.com/users/JShilpa/orgs"],"repos_url":["https://api.github.com/users/JShilpa/repos"],"events_url":["https://api.github.com/users/JShilpa/events{/privacy}"],"received_events_url":["https://api.github.com/users/JShilpa/received_events"],"type":["User"],"site_admin":[false]},"html_url":["https://github.com/JShilpa/ama"],"description":["Ask @JainRoe anything!"],"fork":[true],"url":["https://api.github.com/repos/JShilpa/ama"],"forks_url":["https://api.github.com/repos/JShilpa/ama/forks"],"keys_url":["https://api.github.com/repos/JShilpa/ama/keys{/key_id}"],"collaborators_url":["https://api.github.com/repos/JShilpa/ama/collaborators{/collaborator}"],"teams_url":["https://api.github.com/repos/JShilpa/ama/teams"],"hooks_url":["https://api.github.com/repos/JShilpa/ama/hooks"],"issue_events_url":["https://api.github.com/repos/JShilpa/ama/issues/events{/number}"],"events_url":["https://api.github.com/repos/JShilpa/ama/events"],"assignees_url":["https://api.github.com/repos/JShilpa/ama/assignees{/user}"],"branches_url":["https://api.github.com/repos/JShilpa/ama/branches{/branch}"],"tags_url":["https://api.github.com/repos/JShilpa/ama/tags"],"blobs_url":["https://api.github.com/repos/JShilpa/ama/git/blobs{/sha}"],"git_tags_url":["https://api.github.com/repos/JShilpa/ama/git/tags{/sha}"],"git_refs_url":["https://api.github.com/repos/JShilpa/ama/git/refs{/sha}"],"trees_url":["https://api.github.com/repos/JShilpa/ama/git/trees{/sha}"],"statuses_url":["https://api.github.com/repos/JShilpa/ama/statuses/{sha}"],"languages_url":["https://api.github.com/repos/JShilpa/ama/languages"],"stargazers_url":["https://api.github.com/repos/JShilpa/ama/stargazers"],"contributors_url":["https://api.github.com/repos/JShilpa/ama/contributors"],"subscribers_url":["https://api.github.com/repos/JShilpa/ama/subscribers"],"subscription_url":["https://api.github.com/repos/JShilpa/ama/subscription"],"commits_url":["https://api.github.com/repos/JShilpa/ama/commits{/sha}"],"git_commits_url":["https://api.github.com/repos/JShilpa/ama/git/commits{/sha}"],"comments_url":["https://api.github.com/repos/JShilpa/ama/comments{/number}"],"issue_comment_url":["https://api.github.com/repos/JShilpa/ama/issues/comments{/number}"],"contents_url":["https://api.github.com/repos/JShilpa/ama/contents/{+path}"],"compare_url":["https://api.github.com/repos/JShilpa/ama/compare/{base}...{head}"],"merges_url":["https://api.github.com/repos/JShilpa/ama/merges"],"archive_url":["https://api.github.com/repos/JShilpa/ama/{archive_format}{/ref}"],"downloads_url":["https://api.github.com/repos/JShilpa/ama/downloads"],"issues_url":["https://api.github.com/repos/JShilpa/ama/issues{/number}"],"pulls_url":["https://api.github.com/repos/JShilpa/ama/pulls{/number}"],"milestones_url":["https://api.github.com/repos/JShilpa/ama/milestones{/number}"],"notifications_url":["https://api.github.com/repos/JShilpa/ama/notifications{?since,all,participating}"],"labels_url":["https://api.github.com/repos/JShilpa/ama/labels{/name}"],"releases_url":["https://api.github.com/repos/JShilpa/ama/releases{/id}"],"deployments_url":["https://api.github.com/repos/JShilpa/ama/deployments"],"created_at":["2018-03-29T19:02:03Z"],"updated_at":["2018-05-27T06:19:37Z"],"pushed_at":["2018-05-27T06:19:35Z"],"git_url":["git://github.com/JShilpa/ama.git"],"ssh_url":["git@github.com:JShilpa/ama.git"],"clone_url":["https://github.com/JShilpa/ama.git"],"svn_url":["https://github.com/JShilpa/ama"],"homepage":["https://jshilpa.com"],"size":[8],"stargazers_count":[0],"watchers_count":[0],"language":{},"has_issues":[true],"has_projects":[true],"has_downloads":[true],"has_wiki":[false],"has_pages":[false],"forks_count":[1],"mirror_url":{},"archived":[false],"disabled":[false],"open_issues_count":[0],"license":{},"forks":[1],"open_issues":[0],"watchers":[0],"default_branch":["master"],"permissions":{"admin":[true],"push":[true],"pull":[true]}}
