{"id":[53270325],"node_id":["MDEwOlJlcG9zaXRvcnk1MzI3MDMyNQ=="],"name":["AngularJs-Instagram-Clone"],"full_name":["JShilpa/AngularJs-Instagram-Clone"],"private":[false],"owner":{"login":["JShilpa"],"id":[12977242],"node_id":["MDQ6VXNlcjEyOTc3MjQy"],"avatar_url":["https://avatars3.githubusercontent.com/u/12977242?v=4"],"gravatar_id":[""],"url":["https://api.github.com/users/JShilpa"],"html_url":["https://github.com/JShilpa"],"followers_url":["https://api.github.com/users/JShilpa/followers"],"following_url":["https://api.github.com/users/JShilpa/following{/other_user}"],"gists_url":["https://api.github.com/users/JShilpa/gists{/gist_id}"],"starred_url":["https://api.github.com/users/JShilpa/starred{/owner}{/repo}"],"subscriptions_url":["https://api.github.com/users/JShilpa/subscriptions"],"organizations_url":["https://api.github.com/users/JShilpa/orgs"],"repos_url":["https://api.github.com/users/JShilpa/repos"],"events_url":["https://api.github.com/users/JShilpa/events{/privacy}"],"received_events_url":["https://api.github.com/users/JShilpa/received_events"],"type":["User"],"site_admin":[false]},"html_url":["https://github.com/JShilpa/AngularJs-Instagram-Clone"],"description":{},"fork":[false],"url":["https://api.github.com/repos/JShilpa/AngularJs-Instagram-Clone"],"forks_url":["https://api.github.com/repos/JShilpa/AngularJs-Instagram-Clone/forks"],"keys_url":["https://api.github.com/repos/JShilpa/AngularJs-Instagram-Clone/keys{/key_id}"],"collaborators_url":["https://api.github.com/repos/JShilpa/AngularJs-Instagram-Clone/collaborators{/collaborator}"],"teams_url":["https://api.github.com/repos/JShilpa/AngularJs-Instagram-Clone/teams"],"hooks_url":["https://api.github.com/repos/JShilpa/AngularJs-Instagram-Clone/hooks"],"issue_events_url":["https://api.github.com/repos/JShilpa/AngularJs-Instagram-Clone/issues/events{/number}"],"events_url":["https://api.github.com/repos/JShilpa/AngularJs-Instagram-Clone/events"],"assignees_url":["https://api.github.com/repos/JShilpa/AngularJs-Instagram-Clone/assignees{/user}"],"branches_url":["https://api.github.com/repos/JShilpa/AngularJs-Instagram-Clone/branches{/branch}"],"tags_url":["https://api.github.com/repos/JShilpa/AngularJs-Instagram-Clone/tags"],"blobs_url":["https://api.github.com/repos/JShilpa/AngularJs-Instagram-Clone/git/blobs{/sha}"],"git_tags_url":["https://api.github.com/repos/JShilpa/AngularJs-Instagram-Clone/git/tags{/sha}"],"git_refs_url":["https://api.github.com/repos/JShilpa/AngularJs-Instagram-Clone/git/refs{/sha}"],"trees_url":["https://api.github.com/repos/JShilpa/AngularJs-Instagram-Clone/git/trees{/sha}"],"statuses_url":["https://api.github.com/repos/JShilpa/AngularJs-Instagram-Clone/statuses/{sha}"],"languages_url":["https://api.github.com/repos/JShilpa/AngularJs-Instagram-Clone/languages"],"stargazers_url":["https://api.github.com/repos/JShilpa/AngularJs-Instagram-Clone/stargazers"],"contributors_url":["https://api.github.com/repos/JShilpa/AngularJs-Instagram-Clone/contributors"],"subscribers_url":["https://api.github.com/repos/JShilpa/AngularJs-Instagram-Clone/subscribers"],"subscription_url":["https://api.github.com/repos/JShilpa/AngularJs-Instagram-Clone/subscription"],"commits_url":["https://api.github.com/repos/JShilpa/AngularJs-Instagram-Clone/commits{/sha}"],"git_commits_url":["https://api.github.com/repos/JShilpa/AngularJs-Instagram-Clone/git/commits{/sha}"],"comments_url":["https://api.github.com/repos/JShilpa/AngularJs-Instagram-Clone/comments{/number}"],"issue_comment_url":["https://api.github.com/repos/JShilpa/AngularJs-Instagram-Clone/issues/comments{/number}"],"contents_url":["https://api.github.com/repos/JShilpa/AngularJs-Instagram-Clone/contents/{+path}"],"compare_url":["https://api.github.com/repos/JShilpa/AngularJs-Instagram-Clone/compare/{base}...{head}"],"merges_url":["https://api.github.com/repos/JShilpa/AngularJs-Instagram-Clone/merges"],"archive_url":["https://api.github.com/repos/JShilpa/AngularJs-Instagram-Clone/{archive_format}{/ref}"],"downloads_url":["https://api.github.com/repos/JShilpa/AngularJs-Instagram-Clone/downloads"],"issues_url":["https://api.github.com/repos/JShilpa/AngularJs-Instagram-Clone/issues{/number}"],"pulls_url":["https://api.github.com/repos/JShilpa/AngularJs-Instagram-Clone/pulls{/number}"],"milestones_url":["https://api.github.com/repos/JShilpa/AngularJs-Instagram-Clone/milestones{/number}"],"notifications_url":["https://api.github.com/repos/JShilpa/AngularJs-Instagram-Clone/notifications{?since,all,participating}"],"labels_url":["https://api.github.com/repos/JShilpa/AngularJs-Instagram-Clone/labels{/name}"],"releases_url":["https://api.github.com/repos/JShilpa/AngularJs-Instagram-Clone/releases{/id}"],"deployments_url":["https://api.github.com/repos/JShilpa/AngularJs-Instagram-Clone/deployments"],"created_at":["2016-03-06T18:47:32Z"],"updated_at":["2016-03-06T18:47:32Z"],"pushed_at":["2016-03-06T18:47:32Z"],"git_url":["git://github.com/JShilpa/AngularJs-Instagram-Clone.git"],"ssh_url":["git@github.com:JShilpa/AngularJs-Instagram-Clone.git"],"clone_url":["https://github.com/JShilpa/AngularJs-Instagram-Clone.git"],"svn_url":["https://github.com/JShilpa/AngularJs-Instagram-Clone"],"homepage":{},"size":[0],"stargazers_count":[0],"watchers_count":[0],"language":{},"has_issues":[true],"has_projects":[true],"has_downloads":[true],"has_wiki":[true],"has_pages":[false],"forks_count":[0],"mirror_url":{},"archived":[false],"disabled":[false],"open_issues_count":[0],"license":{},"forks":[0],"open_issues":[0],"watchers":[0],"default_branch":["master"],"permissions":{"admin":[true],"push":[true],"pull":[true]}}
