{"id":[126630512],"node_id":["MDEwOlJlcG9zaXRvcnkxMjY2MzA1MTI="],"name":["Angular-Workshop"],"full_name":["JShilpa/Angular-Workshop"],"private":[false],"owner":{"login":["JShilpa"],"id":[12977242],"node_id":["MDQ6VXNlcjEyOTc3MjQy"],"avatar_url":["https://avatars3.githubusercontent.com/u/12977242?v=4"],"gravatar_id":[""],"url":["https://api.github.com/users/JShilpa"],"html_url":["https://github.com/JShilpa"],"followers_url":["https://api.github.com/users/JShilpa/followers"],"following_url":["https://api.github.com/users/JShilpa/following{/other_user}"],"gists_url":["https://api.github.com/users/JShilpa/gists{/gist_id}"],"starred_url":["https://api.github.com/users/JShilpa/starred{/owner}{/repo}"],"subscriptions_url":["https://api.github.com/users/JShilpa/subscriptions"],"organizations_url":["https://api.github.com/users/JShilpa/orgs"],"repos_url":["https://api.github.com/users/JShilpa/repos"],"events_url":["https://api.github.com/users/JShilpa/events{/privacy}"],"received_events_url":["https://api.github.com/users/JShilpa/received_events"],"type":["User"],"site_admin":[false]},"html_url":["https://github.com/JShilpa/Angular-Workshop"],"description":{},"fork":[false],"url":["https://api.github.com/repos/JShilpa/Angular-Workshop"],"forks_url":["https://api.github.com/repos/JShilpa/Angular-Workshop/forks"],"keys_url":["https://api.github.com/repos/JShilpa/Angular-Workshop/keys{/key_id}"],"collaborators_url":["https://api.github.com/repos/JShilpa/Angular-Workshop/collaborators{/collaborator}"],"teams_url":["https://api.github.com/repos/JShilpa/Angular-Workshop/teams"],"hooks_url":["https://api.github.com/repos/JShilpa/Angular-Workshop/hooks"],"issue_events_url":["https://api.github.com/repos/JShilpa/Angular-Workshop/issues/events{/number}"],"events_url":["https://api.github.com/repos/JShilpa/Angular-Workshop/events"],"assignees_url":["https://api.github.com/repos/JShilpa/Angular-Workshop/assignees{/user}"],"branches_url":["https://api.github.com/repos/JShilpa/Angular-Workshop/branches{/branch}"],"tags_url":["https://api.github.com/repos/JShilpa/Angular-Workshop/tags"],"blobs_url":["https://api.github.com/repos/JShilpa/Angular-Workshop/git/blobs{/sha}"],"git_tags_url":["https://api.github.com/repos/JShilpa/Angular-Workshop/git/tags{/sha}"],"git_refs_url":["https://api.github.com/repos/JShilpa/Angular-Workshop/git/refs{/sha}"],"trees_url":["https://api.github.com/repos/JShilpa/Angular-Workshop/git/trees{/sha}"],"statuses_url":["https://api.github.com/repos/JShilpa/Angular-Workshop/statuses/{sha}"],"languages_url":["https://api.github.com/repos/JShilpa/Angular-Workshop/languages"],"stargazers_url":["https://api.github.com/repos/JShilpa/Angular-Workshop/stargazers"],"contributors_url":["https://api.github.com/repos/JShilpa/Angular-Workshop/contributors"],"subscribers_url":["https://api.github.com/repos/JShilpa/Angular-Workshop/subscribers"],"subscription_url":["https://api.github.com/repos/JShilpa/Angular-Workshop/subscription"],"commits_url":["https://api.github.com/repos/JShilpa/Angular-Workshop/commits{/sha}"],"git_commits_url":["https://api.github.com/repos/JShilpa/Angular-Workshop/git/commits{/sha}"],"comments_url":["https://api.github.com/repos/JShilpa/Angular-Workshop/comments{/number}"],"issue_comment_url":["https://api.github.com/repos/JShilpa/Angular-Workshop/issues/comments{/number}"],"contents_url":["https://api.github.com/repos/JShilpa/Angular-Workshop/contents/{+path}"],"compare_url":["https://api.github.com/repos/JShilpa/Angular-Workshop/compare/{base}...{head}"],"merges_url":["https://api.github.com/repos/JShilpa/Angular-Workshop/merges"],"archive_url":["https://api.github.com/repos/JShilpa/Angular-Workshop/{archive_format}{/ref}"],"downloads_url":["https://api.github.com/repos/JShilpa/Angular-Workshop/downloads"],"issues_url":["https://api.github.com/repos/JShilpa/Angular-Workshop/issues{/number}"],"pulls_url":["https://api.github.com/repos/JShilpa/Angular-Workshop/pulls{/number}"],"milestones_url":["https://api.github.com/repos/JShilpa/Angular-Workshop/milestones{/number}"],"notifications_url":["https://api.github.com/repos/JShilpa/Angular-Workshop/notifications{?since,all,participating}"],"labels_url":["https://api.github.com/repos/JShilpa/Angular-Workshop/labels{/name}"],"releases_url":["https://api.github.com/repos/JShilpa/Angular-Workshop/releases{/id}"],"deployments_url":["https://api.github.com/repos/JShilpa/Angular-Workshop/deployments"],"created_at":["2018-03-24T18:52:19Z"],"updated_at":["2019-04-04T18:40:54Z"],"pushed_at":["2018-05-10T14:24:47Z"],"git_url":["git://github.com/JShilpa/Angular-Workshop.git"],"ssh_url":["git@github.com:JShilpa/Angular-Workshop.git"],"clone_url":["https://github.com/JShilpa/Angular-Workshop.git"],"svn_url":["https://github.com/JShilpa/Angular-Workshop"],"homepage":{},"size":[107],"stargazers_count":[0],"watchers_count":[0],"language":["TypeScript"],"has_issues":[true],"has_projects":[true],"has_downloads":[true],"has_wiki":[true],"has_pages":[false],"forks_count":[0],"mirror_url":{},"archived":[false],"disabled":[false],"open_issues_count":[1],"license":{},"forks":[0],"open_issues":[1],"watchers":[0],"default_branch":["master"],"permissions":{"admin":[true],"push":[true],"pull":[true]}}
