{"id":[92607037],"node_id":["MDEwOlJlcG9zaXRvcnk5MjYwNzAzNw=="],"name":["Backbone-Marionette"],"full_name":["JShilpa/Backbone-Marionette"],"private":[false],"owner":{"login":["JShilpa"],"id":[12977242],"node_id":["MDQ6VXNlcjEyOTc3MjQy"],"avatar_url":["https://avatars3.githubusercontent.com/u/12977242?v=4"],"gravatar_id":[""],"url":["https://api.github.com/users/JShilpa"],"html_url":["https://github.com/JShilpa"],"followers_url":["https://api.github.com/users/JShilpa/followers"],"following_url":["https://api.github.com/users/JShilpa/following{/other_user}"],"gists_url":["https://api.github.com/users/JShilpa/gists{/gist_id}"],"starred_url":["https://api.github.com/users/JShilpa/starred{/owner}{/repo}"],"subscriptions_url":["https://api.github.com/users/JShilpa/subscriptions"],"organizations_url":["https://api.github.com/users/JShilpa/orgs"],"repos_url":["https://api.github.com/users/JShilpa/repos"],"events_url":["https://api.github.com/users/JShilpa/events{/privacy}"],"received_events_url":["https://api.github.com/users/JShilpa/received_events"],"type":["User"],"site_admin":[false]},"html_url":["https://github.com/JShilpa/Backbone-Marionette"],"description":{},"fork":[false],"url":["https://api.github.com/repos/JShilpa/Backbone-Marionette"],"forks_url":["https://api.github.com/repos/JShilpa/Backbone-Marionette/forks"],"keys_url":["https://api.github.com/repos/JShilpa/Backbone-Marionette/keys{/key_id}"],"collaborators_url":["https://api.github.com/repos/JShilpa/Backbone-Marionette/collaborators{/collaborator}"],"teams_url":["https://api.github.com/repos/JShilpa/Backbone-Marionette/teams"],"hooks_url":["https://api.github.com/repos/JShilpa/Backbone-Marionette/hooks"],"issue_events_url":["https://api.github.com/repos/JShilpa/Backbone-Marionette/issues/events{/number}"],"events_url":["https://api.github.com/repos/JShilpa/Backbone-Marionette/events"],"assignees_url":["https://api.github.com/repos/JShilpa/Backbone-Marionette/assignees{/user}"],"branches_url":["https://api.github.com/repos/JShilpa/Backbone-Marionette/branches{/branch}"],"tags_url":["https://api.github.com/repos/JShilpa/Backbone-Marionette/tags"],"blobs_url":["https://api.github.com/repos/JShilpa/Backbone-Marionette/git/blobs{/sha}"],"git_tags_url":["https://api.github.com/repos/JShilpa/Backbone-Marionette/git/tags{/sha}"],"git_refs_url":["https://api.github.com/repos/JShilpa/Backbone-Marionette/git/refs{/sha}"],"trees_url":["https://api.github.com/repos/JShilpa/Backbone-Marionette/git/trees{/sha}"],"statuses_url":["https://api.github.com/repos/JShilpa/Backbone-Marionette/statuses/{sha}"],"languages_url":["https://api.github.com/repos/JShilpa/Backbone-Marionette/languages"],"stargazers_url":["https://api.github.com/repos/JShilpa/Backbone-Marionette/stargazers"],"contributors_url":["https://api.github.com/repos/JShilpa/Backbone-Marionette/contributors"],"subscribers_url":["https://api.github.com/repos/JShilpa/Backbone-Marionette/subscribers"],"subscription_url":["https://api.github.com/repos/JShilpa/Backbone-Marionette/subscription"],"commits_url":["https://api.github.com/repos/JShilpa/Backbone-Marionette/commits{/sha}"],"git_commits_url":["https://api.github.com/repos/JShilpa/Backbone-Marionette/git/commits{/sha}"],"comments_url":["https://api.github.com/repos/JShilpa/Backbone-Marionette/comments{/number}"],"issue_comment_url":["https://api.github.com/repos/JShilpa/Backbone-Marionette/issues/comments{/number}"],"contents_url":["https://api.github.com/repos/JShilpa/Backbone-Marionette/contents/{+path}"],"compare_url":["https://api.github.com/repos/JShilpa/Backbone-Marionette/compare/{base}...{head}"],"merges_url":["https://api.github.com/repos/JShilpa/Backbone-Marionette/merges"],"archive_url":["https://api.github.com/repos/JShilpa/Backbone-Marionette/{archive_format}{/ref}"],"downloads_url":["https://api.github.com/repos/JShilpa/Backbone-Marionette/downloads"],"issues_url":["https://api.github.com/repos/JShilpa/Backbone-Marionette/issues{/number}"],"pulls_url":["https://api.github.com/repos/JShilpa/Backbone-Marionette/pulls{/number}"],"milestones_url":["https://api.github.com/repos/JShilpa/Backbone-Marionette/milestones{/number}"],"notifications_url":["https://api.github.com/repos/JShilpa/Backbone-Marionette/notifications{?since,all,participating}"],"labels_url":["https://api.github.com/repos/JShilpa/Backbone-Marionette/labels{/name}"],"releases_url":["https://api.github.com/repos/JShilpa/Backbone-Marionette/releases{/id}"],"deployments_url":["https://api.github.com/repos/JShilpa/Backbone-Marionette/deployments"],"created_at":["2017-05-27T15:26:25Z"],"updated_at":["2017-05-27T15:29:22Z"],"pushed_at":["2017-05-27T15:29:21Z"],"git_url":["git://github.com/JShilpa/Backbone-Marionette.git"],"ssh_url":["git@github.com:JShilpa/Backbone-Marionette.git"],"clone_url":["https://github.com/JShilpa/Backbone-Marionette.git"],"svn_url":["https://github.com/JShilpa/Backbone-Marionette"],"homepage":{},"size":[52],"stargazers_count":[0],"watchers_count":[0],"language":["CSS"],"has_issues":[true],"has_projects":[true],"has_downloads":[true],"has_wiki":[true],"has_pages":[false],"forks_count":[0],"mirror_url":{},"archived":[false],"disabled":[false],"open_issues_count":[0],"license":{},"forks":[0],"open_issues":[0],"watchers":[0],"default_branch":["master"],"permissions":{"admin":[true],"push":[true],"pull":[true]}}
