{"id":[132037179],"node_id":["MDEwOlJlcG9zaXRvcnkxMzIwMzcxNzk="],"name":["Big-data"],"full_name":["JShilpa/Big-data"],"private":[false],"owner":{"login":["JShilpa"],"id":[12977242],"node_id":["MDQ6VXNlcjEyOTc3MjQy"],"avatar_url":["https://avatars3.githubusercontent.com/u/12977242?v=4"],"gravatar_id":[""],"url":["https://api.github.com/users/JShilpa"],"html_url":["https://github.com/JShilpa"],"followers_url":["https://api.github.com/users/JShilpa/followers"],"following_url":["https://api.github.com/users/JShilpa/following{/other_user}"],"gists_url":["https://api.github.com/users/JShilpa/gists{/gist_id}"],"starred_url":["https://api.github.com/users/JShilpa/starred{/owner}{/repo}"],"subscriptions_url":["https://api.github.com/users/JShilpa/subscriptions"],"organizations_url":["https://api.github.com/users/JShilpa/orgs"],"repos_url":["https://api.github.com/users/JShilpa/repos"],"events_url":["https://api.github.com/users/JShilpa/events{/privacy}"],"received_events_url":["https://api.github.com/users/JShilpa/received_events"],"type":["User"],"site_admin":[false]},"html_url":["https://github.com/JShilpa/Big-data"],"description":{},"fork":[false],"url":["https://api.github.com/repos/JShilpa/Big-data"],"forks_url":["https://api.github.com/repos/JShilpa/Big-data/forks"],"keys_url":["https://api.github.com/repos/JShilpa/Big-data/keys{/key_id}"],"collaborators_url":["https://api.github.com/repos/JShilpa/Big-data/collaborators{/collaborator}"],"teams_url":["https://api.github.com/repos/JShilpa/Big-data/teams"],"hooks_url":["https://api.github.com/repos/JShilpa/Big-data/hooks"],"issue_events_url":["https://api.github.com/repos/JShilpa/Big-data/issues/events{/number}"],"events_url":["https://api.github.com/repos/JShilpa/Big-data/events"],"assignees_url":["https://api.github.com/repos/JShilpa/Big-data/assignees{/user}"],"branches_url":["https://api.github.com/repos/JShilpa/Big-data/branches{/branch}"],"tags_url":["https://api.github.com/repos/JShilpa/Big-data/tags"],"blobs_url":["https://api.github.com/repos/JShilpa/Big-data/git/blobs{/sha}"],"git_tags_url":["https://api.github.com/repos/JShilpa/Big-data/git/tags{/sha}"],"git_refs_url":["https://api.github.com/repos/JShilpa/Big-data/git/refs{/sha}"],"trees_url":["https://api.github.com/repos/JShilpa/Big-data/git/trees{/sha}"],"statuses_url":["https://api.github.com/repos/JShilpa/Big-data/statuses/{sha}"],"languages_url":["https://api.github.com/repos/JShilpa/Big-data/languages"],"stargazers_url":["https://api.github.com/repos/JShilpa/Big-data/stargazers"],"contributors_url":["https://api.github.com/repos/JShilpa/Big-data/contributors"],"subscribers_url":["https://api.github.com/repos/JShilpa/Big-data/subscribers"],"subscription_url":["https://api.github.com/repos/JShilpa/Big-data/subscription"],"commits_url":["https://api.github.com/repos/JShilpa/Big-data/commits{/sha}"],"git_commits_url":["https://api.github.com/repos/JShilpa/Big-data/git/commits{/sha}"],"comments_url":["https://api.github.com/repos/JShilpa/Big-data/comments{/number}"],"issue_comment_url":["https://api.github.com/repos/JShilpa/Big-data/issues/comments{/number}"],"contents_url":["https://api.github.com/repos/JShilpa/Big-data/contents/{+path}"],"compare_url":["https://api.github.com/repos/JShilpa/Big-data/compare/{base}...{head}"],"merges_url":["https://api.github.com/repos/JShilpa/Big-data/merges"],"archive_url":["https://api.github.com/repos/JShilpa/Big-data/{archive_format}{/ref}"],"downloads_url":["https://api.github.com/repos/JShilpa/Big-data/downloads"],"issues_url":["https://api.github.com/repos/JShilpa/Big-data/issues{/number}"],"pulls_url":["https://api.github.com/repos/JShilpa/Big-data/pulls{/number}"],"milestones_url":["https://api.github.com/repos/JShilpa/Big-data/milestones{/number}"],"notifications_url":["https://api.github.com/repos/JShilpa/Big-data/notifications{?since,all,participating}"],"labels_url":["https://api.github.com/repos/JShilpa/Big-data/labels{/name}"],"releases_url":["https://api.github.com/repos/JShilpa/Big-data/releases{/id}"],"deployments_url":["https://api.github.com/repos/JShilpa/Big-data/deployments"],"created_at":["2018-05-03T18:52:47Z"],"updated_at":["2018-05-03T18:52:47Z"],"pushed_at":["2018-05-03T18:52:48Z"],"git_url":["git://github.com/JShilpa/Big-data.git"],"ssh_url":["git@github.com:JShilpa/Big-data.git"],"clone_url":["https://github.com/JShilpa/Big-data.git"],"svn_url":["https://github.com/JShilpa/Big-data"],"homepage":{},"size":[0],"stargazers_count":[0],"watchers_count":[0],"language":{},"has_issues":[true],"has_projects":[true],"has_downloads":[true],"has_wiki":[true],"has_pages":[false],"forks_count":[0],"mirror_url":{},"archived":[false],"disabled":[false],"open_issues_count":[0],"license":{},"forks":[0],"open_issues":[0],"watchers":[0],"default_branch":["master"],"permissions":{"admin":[true],"push":[true],"pull":[true]}}
