{"id":[132984625],"node_id":["MDEwOlJlcG9zaXRvcnkxMzI5ODQ2MjU="],"name":["Code-Streak"],"full_name":["JShilpa/Code-Streak"],"private":[false],"owner":{"login":["JShilpa"],"id":[12977242],"node_id":["MDQ6VXNlcjEyOTc3MjQy"],"avatar_url":["https://avatars3.githubusercontent.com/u/12977242?v=4"],"gravatar_id":[""],"url":["https://api.github.com/users/JShilpa"],"html_url":["https://github.com/JShilpa"],"followers_url":["https://api.github.com/users/JShilpa/followers"],"following_url":["https://api.github.com/users/JShilpa/following{/other_user}"],"gists_url":["https://api.github.com/users/JShilpa/gists{/gist_id}"],"starred_url":["https://api.github.com/users/JShilpa/starred{/owner}{/repo}"],"subscriptions_url":["https://api.github.com/users/JShilpa/subscriptions"],"organizations_url":["https://api.github.com/users/JShilpa/orgs"],"repos_url":["https://api.github.com/users/JShilpa/repos"],"events_url":["https://api.github.com/users/JShilpa/events{/privacy}"],"received_events_url":["https://api.github.com/users/JShilpa/received_events"],"type":["User"],"site_admin":[false]},"html_url":["https://github.com/JShilpa/Code-Streak"],"description":["Similar like Snap Streak, but With GitHub"],"fork":[false],"url":["https://api.github.com/repos/JShilpa/Code-Streak"],"forks_url":["https://api.github.com/repos/JShilpa/Code-Streak/forks"],"keys_url":["https://api.github.com/repos/JShilpa/Code-Streak/keys{/key_id}"],"collaborators_url":["https://api.github.com/repos/JShilpa/Code-Streak/collaborators{/collaborator}"],"teams_url":["https://api.github.com/repos/JShilpa/Code-Streak/teams"],"hooks_url":["https://api.github.com/repos/JShilpa/Code-Streak/hooks"],"issue_events_url":["https://api.github.com/repos/JShilpa/Code-Streak/issues/events{/number}"],"events_url":["https://api.github.com/repos/JShilpa/Code-Streak/events"],"assignees_url":["https://api.github.com/repos/JShilpa/Code-Streak/assignees{/user}"],"branches_url":["https://api.github.com/repos/JShilpa/Code-Streak/branches{/branch}"],"tags_url":["https://api.github.com/repos/JShilpa/Code-Streak/tags"],"blobs_url":["https://api.github.com/repos/JShilpa/Code-Streak/git/blobs{/sha}"],"git_tags_url":["https://api.github.com/repos/JShilpa/Code-Streak/git/tags{/sha}"],"git_refs_url":["https://api.github.com/repos/JShilpa/Code-Streak/git/refs{/sha}"],"trees_url":["https://api.github.com/repos/JShilpa/Code-Streak/git/trees{/sha}"],"statuses_url":["https://api.github.com/repos/JShilpa/Code-Streak/statuses/{sha}"],"languages_url":["https://api.github.com/repos/JShilpa/Code-Streak/languages"],"stargazers_url":["https://api.github.com/repos/JShilpa/Code-Streak/stargazers"],"contributors_url":["https://api.github.com/repos/JShilpa/Code-Streak/contributors"],"subscribers_url":["https://api.github.com/repos/JShilpa/Code-Streak/subscribers"],"subscription_url":["https://api.github.com/repos/JShilpa/Code-Streak/subscription"],"commits_url":["https://api.github.com/repos/JShilpa/Code-Streak/commits{/sha}"],"git_commits_url":["https://api.github.com/repos/JShilpa/Code-Streak/git/commits{/sha}"],"comments_url":["https://api.github.com/repos/JShilpa/Code-Streak/comments{/number}"],"issue_comment_url":["https://api.github.com/repos/JShilpa/Code-Streak/issues/comments{/number}"],"contents_url":["https://api.github.com/repos/JShilpa/Code-Streak/contents/{+path}"],"compare_url":["https://api.github.com/repos/JShilpa/Code-Streak/compare/{base}...{head}"],"merges_url":["https://api.github.com/repos/JShilpa/Code-Streak/merges"],"archive_url":["https://api.github.com/repos/JShilpa/Code-Streak/{archive_format}{/ref}"],"downloads_url":["https://api.github.com/repos/JShilpa/Code-Streak/downloads"],"issues_url":["https://api.github.com/repos/JShilpa/Code-Streak/issues{/number}"],"pulls_url":["https://api.github.com/repos/JShilpa/Code-Streak/pulls{/number}"],"milestones_url":["https://api.github.com/repos/JShilpa/Code-Streak/milestones{/number}"],"notifications_url":["https://api.github.com/repos/JShilpa/Code-Streak/notifications{?since,all,participating}"],"labels_url":["https://api.github.com/repos/JShilpa/Code-Streak/labels{/name}"],"releases_url":["https://api.github.com/repos/JShilpa/Code-Streak/releases{/id}"],"deployments_url":["https://api.github.com/repos/JShilpa/Code-Streak/deployments"],"created_at":["2018-05-11T03:30:29Z"],"updated_at":["2018-12-23T00:21:22Z"],"pushed_at":["2018-05-27T15:27:11Z"],"git_url":["git://github.com/JShilpa/Code-Streak.git"],"ssh_url":["git@github.com:JShilpa/Code-Streak.git"],"clone_url":["https://github.com/JShilpa/Code-Streak.git"],"svn_url":["https://github.com/JShilpa/Code-Streak"],"homepage":{},"size":[18],"stargazers_count":[0],"watchers_count":[0],"language":{},"has_issues":[true],"has_projects":[true],"has_downloads":[true],"has_wiki":[true],"has_pages":[false],"forks_count":[0],"mirror_url":{},"archived":[false],"disabled":[false],"open_issues_count":[0],"license":{},"forks":[0],"open_issues":[0],"watchers":[0],"default_branch":["master"],"permissions":{"admin":[true],"push":[true],"pull":[true]}}
