{"id":[87068887],"node_id":["MDEwOlJlcG9zaXRvcnk4NzA2ODg4Nw=="],"name":["Codeignitor-Apis"],"full_name":["JShilpa/Codeignitor-Apis"],"private":[false],"owner":{"login":["JShilpa"],"id":[12977242],"node_id":["MDQ6VXNlcjEyOTc3MjQy"],"avatar_url":["https://avatars3.githubusercontent.com/u/12977242?v=4"],"gravatar_id":[""],"url":["https://api.github.com/users/JShilpa"],"html_url":["https://github.com/JShilpa"],"followers_url":["https://api.github.com/users/JShilpa/followers"],"following_url":["https://api.github.com/users/JShilpa/following{/other_user}"],"gists_url":["https://api.github.com/users/JShilpa/gists{/gist_id}"],"starred_url":["https://api.github.com/users/JShilpa/starred{/owner}{/repo}"],"subscriptions_url":["https://api.github.com/users/JShilpa/subscriptions"],"organizations_url":["https://api.github.com/users/JShilpa/orgs"],"repos_url":["https://api.github.com/users/JShilpa/repos"],"events_url":["https://api.github.com/users/JShilpa/events{/privacy}"],"received_events_url":["https://api.github.com/users/JShilpa/received_events"],"type":["User"],"site_admin":[false]},"html_url":["https://github.com/JShilpa/Codeignitor-Apis"],"description":{},"fork":[false],"url":["https://api.github.com/repos/JShilpa/Codeignitor-Apis"],"forks_url":["https://api.github.com/repos/JShilpa/Codeignitor-Apis/forks"],"keys_url":["https://api.github.com/repos/JShilpa/Codeignitor-Apis/keys{/key_id}"],"collaborators_url":["https://api.github.com/repos/JShilpa/Codeignitor-Apis/collaborators{/collaborator}"],"teams_url":["https://api.github.com/repos/JShilpa/Codeignitor-Apis/teams"],"hooks_url":["https://api.github.com/repos/JShilpa/Codeignitor-Apis/hooks"],"issue_events_url":["https://api.github.com/repos/JShilpa/Codeignitor-Apis/issues/events{/number}"],"events_url":["https://api.github.com/repos/JShilpa/Codeignitor-Apis/events"],"assignees_url":["https://api.github.com/repos/JShilpa/Codeignitor-Apis/assignees{/user}"],"branches_url":["https://api.github.com/repos/JShilpa/Codeignitor-Apis/branches{/branch}"],"tags_url":["https://api.github.com/repos/JShilpa/Codeignitor-Apis/tags"],"blobs_url":["https://api.github.com/repos/JShilpa/Codeignitor-Apis/git/blobs{/sha}"],"git_tags_url":["https://api.github.com/repos/JShilpa/Codeignitor-Apis/git/tags{/sha}"],"git_refs_url":["https://api.github.com/repos/JShilpa/Codeignitor-Apis/git/refs{/sha}"],"trees_url":["https://api.github.com/repos/JShilpa/Codeignitor-Apis/git/trees{/sha}"],"statuses_url":["https://api.github.com/repos/JShilpa/Codeignitor-Apis/statuses/{sha}"],"languages_url":["https://api.github.com/repos/JShilpa/Codeignitor-Apis/languages"],"stargazers_url":["https://api.github.com/repos/JShilpa/Codeignitor-Apis/stargazers"],"contributors_url":["https://api.github.com/repos/JShilpa/Codeignitor-Apis/contributors"],"subscribers_url":["https://api.github.com/repos/JShilpa/Codeignitor-Apis/subscribers"],"subscription_url":["https://api.github.com/repos/JShilpa/Codeignitor-Apis/subscription"],"commits_url":["https://api.github.com/repos/JShilpa/Codeignitor-Apis/commits{/sha}"],"git_commits_url":["https://api.github.com/repos/JShilpa/Codeignitor-Apis/git/commits{/sha}"],"comments_url":["https://api.github.com/repos/JShilpa/Codeignitor-Apis/comments{/number}"],"issue_comment_url":["https://api.github.com/repos/JShilpa/Codeignitor-Apis/issues/comments{/number}"],"contents_url":["https://api.github.com/repos/JShilpa/Codeignitor-Apis/contents/{+path}"],"compare_url":["https://api.github.com/repos/JShilpa/Codeignitor-Apis/compare/{base}...{head}"],"merges_url":["https://api.github.com/repos/JShilpa/Codeignitor-Apis/merges"],"archive_url":["https://api.github.com/repos/JShilpa/Codeignitor-Apis/{archive_format}{/ref}"],"downloads_url":["https://api.github.com/repos/JShilpa/Codeignitor-Apis/downloads"],"issues_url":["https://api.github.com/repos/JShilpa/Codeignitor-Apis/issues{/number}"],"pulls_url":["https://api.github.com/repos/JShilpa/Codeignitor-Apis/pulls{/number}"],"milestones_url":["https://api.github.com/repos/JShilpa/Codeignitor-Apis/milestones{/number}"],"notifications_url":["https://api.github.com/repos/JShilpa/Codeignitor-Apis/notifications{?since,all,participating}"],"labels_url":["https://api.github.com/repos/JShilpa/Codeignitor-Apis/labels{/name}"],"releases_url":["https://api.github.com/repos/JShilpa/Codeignitor-Apis/releases{/id}"],"deployments_url":["https://api.github.com/repos/JShilpa/Codeignitor-Apis/deployments"],"created_at":["2017-04-03T11:56:50Z"],"updated_at":["2017-04-03T11:57:46Z"],"pushed_at":["2017-04-03T11:57:43Z"],"git_url":["git://github.com/JShilpa/Codeignitor-Apis.git"],"ssh_url":["git@github.com:JShilpa/Codeignitor-Apis.git"],"clone_url":["https://github.com/JShilpa/Codeignitor-Apis.git"],"svn_url":["https://github.com/JShilpa/Codeignitor-Apis"],"homepage":{},"size":[1631],"stargazers_count":[0],"watchers_count":[0],"language":["HTML"],"has_issues":[true],"has_projects":[true],"has_downloads":[true],"has_wiki":[true],"has_pages":[false],"forks_count":[0],"mirror_url":{},"archived":[false],"disabled":[false],"open_issues_count":[0],"license":{"key":["mit"],"name":["MIT License"],"spdx_id":["MIT"],"url":["https://api.github.com/licenses/mit"],"node_id":["MDc6TGljZW5zZTEz"]},"forks":[0],"open_issues":[0],"watchers":[0],"default_branch":["master"],"permissions":{"admin":[true],"push":[true],"pull":[true]}}
