{"id":[163209907],"node_id":["MDEwOlJlcG9zaXRvcnkxNjMyMDk5MDc="],"name":["Cracking-the-Coding-Interview"],"full_name":["JShilpa/Cracking-the-Coding-Interview"],"private":[false],"owner":{"login":["JShilpa"],"id":[12977242],"node_id":["MDQ6VXNlcjEyOTc3MjQy"],"avatar_url":["https://avatars3.githubusercontent.com/u/12977242?v=4"],"gravatar_id":[""],"url":["https://api.github.com/users/JShilpa"],"html_url":["https://github.com/JShilpa"],"followers_url":["https://api.github.com/users/JShilpa/followers"],"following_url":["https://api.github.com/users/JShilpa/following{/other_user}"],"gists_url":["https://api.github.com/users/JShilpa/gists{/gist_id}"],"starred_url":["https://api.github.com/users/JShilpa/starred{/owner}{/repo}"],"subscriptions_url":["https://api.github.com/users/JShilpa/subscriptions"],"organizations_url":["https://api.github.com/users/JShilpa/orgs"],"repos_url":["https://api.github.com/users/JShilpa/repos"],"events_url":["https://api.github.com/users/JShilpa/events{/privacy}"],"received_events_url":["https://api.github.com/users/JShilpa/received_events"],"type":["User"],"site_admin":[false]},"html_url":["https://github.com/JShilpa/Cracking-the-Coding-Interview"],"description":["Python solutions to Cracking the Coding Interview"],"fork":[false],"url":["https://api.github.com/repos/JShilpa/Cracking-the-Coding-Interview"],"forks_url":["https://api.github.com/repos/JShilpa/Cracking-the-Coding-Interview/forks"],"keys_url":["https://api.github.com/repos/JShilpa/Cracking-the-Coding-Interview/keys{/key_id}"],"collaborators_url":["https://api.github.com/repos/JShilpa/Cracking-the-Coding-Interview/collaborators{/collaborator}"],"teams_url":["https://api.github.com/repos/JShilpa/Cracking-the-Coding-Interview/teams"],"hooks_url":["https://api.github.com/repos/JShilpa/Cracking-the-Coding-Interview/hooks"],"issue_events_url":["https://api.github.com/repos/JShilpa/Cracking-the-Coding-Interview/issues/events{/number}"],"events_url":["https://api.github.com/repos/JShilpa/Cracking-the-Coding-Interview/events"],"assignees_url":["https://api.github.com/repos/JShilpa/Cracking-the-Coding-Interview/assignees{/user}"],"branches_url":["https://api.github.com/repos/JShilpa/Cracking-the-Coding-Interview/branches{/branch}"],"tags_url":["https://api.github.com/repos/JShilpa/Cracking-the-Coding-Interview/tags"],"blobs_url":["https://api.github.com/repos/JShilpa/Cracking-the-Coding-Interview/git/blobs{/sha}"],"git_tags_url":["https://api.github.com/repos/JShilpa/Cracking-the-Coding-Interview/git/tags{/sha}"],"git_refs_url":["https://api.github.com/repos/JShilpa/Cracking-the-Coding-Interview/git/refs{/sha}"],"trees_url":["https://api.github.com/repos/JShilpa/Cracking-the-Coding-Interview/git/trees{/sha}"],"statuses_url":["https://api.github.com/repos/JShilpa/Cracking-the-Coding-Interview/statuses/{sha}"],"languages_url":["https://api.github.com/repos/JShilpa/Cracking-the-Coding-Interview/languages"],"stargazers_url":["https://api.github.com/repos/JShilpa/Cracking-the-Coding-Interview/stargazers"],"contributors_url":["https://api.github.com/repos/JShilpa/Cracking-the-Coding-Interview/contributors"],"subscribers_url":["https://api.github.com/repos/JShilpa/Cracking-the-Coding-Interview/subscribers"],"subscription_url":["https://api.github.com/repos/JShilpa/Cracking-the-Coding-Interview/subscription"],"commits_url":["https://api.github.com/repos/JShilpa/Cracking-the-Coding-Interview/commits{/sha}"],"git_commits_url":["https://api.github.com/repos/JShilpa/Cracking-the-Coding-Interview/git/commits{/sha}"],"comments_url":["https://api.github.com/repos/JShilpa/Cracking-the-Coding-Interview/comments{/number}"],"issue_comment_url":["https://api.github.com/repos/JShilpa/Cracking-the-Coding-Interview/issues/comments{/number}"],"contents_url":["https://api.github.com/repos/JShilpa/Cracking-the-Coding-Interview/contents/{+path}"],"compare_url":["https://api.github.com/repos/JShilpa/Cracking-the-Coding-Interview/compare/{base}...{head}"],"merges_url":["https://api.github.com/repos/JShilpa/Cracking-the-Coding-Interview/merges"],"archive_url":["https://api.github.com/repos/JShilpa/Cracking-the-Coding-Interview/{archive_format}{/ref}"],"downloads_url":["https://api.github.com/repos/JShilpa/Cracking-the-Coding-Interview/downloads"],"issues_url":["https://api.github.com/repos/JShilpa/Cracking-the-Coding-Interview/issues{/number}"],"pulls_url":["https://api.github.com/repos/JShilpa/Cracking-the-Coding-Interview/pulls{/number}"],"milestones_url":["https://api.github.com/repos/JShilpa/Cracking-the-Coding-Interview/milestones{/number}"],"notifications_url":["https://api.github.com/repos/JShilpa/Cracking-the-Coding-Interview/notifications{?since,all,participating}"],"labels_url":["https://api.github.com/repos/JShilpa/Cracking-the-Coding-Interview/labels{/name}"],"releases_url":["https://api.github.com/repos/JShilpa/Cracking-the-Coding-Interview/releases{/id}"],"deployments_url":["https://api.github.com/repos/JShilpa/Cracking-the-Coding-Interview/deployments"],"created_at":["2018-12-26T19:11:49Z"],"updated_at":["2019-01-03T00:00:19Z"],"pushed_at":["2019-01-03T00:00:18Z"],"git_url":["git://github.com/JShilpa/Cracking-the-Coding-Interview.git"],"ssh_url":["git@github.com:JShilpa/Cracking-the-Coding-Interview.git"],"clone_url":["https://github.com/JShilpa/Cracking-the-Coding-Interview.git"],"svn_url":["https://github.com/JShilpa/Cracking-the-Coding-Interview"],"homepage":{},"size":[2],"stargazers_count":[0],"watchers_count":[0],"language":["Python"],"has_issues":[true],"has_projects":[true],"has_downloads":[true],"has_wiki":[true],"has_pages":[false],"forks_count":[0],"mirror_url":{},"archived":[false],"disabled":[false],"open_issues_count":[0],"license":{},"forks":[0],"open_issues":[0],"watchers":[0],"default_branch":["master"],"permissions":{"admin":[true],"push":[true],"pull":[true]}}
