{"id":[134663068],"node_id":["MDEwOlJlcG9zaXRvcnkxMzQ2NjMwNjg="],"name":["Data-Analysis-using-Excel"],"full_name":["JShilpa/Data-Analysis-using-Excel"],"private":[false],"owner":{"login":["JShilpa"],"id":[12977242],"node_id":["MDQ6VXNlcjEyOTc3MjQy"],"avatar_url":["https://avatars3.githubusercontent.com/u/12977242?v=4"],"gravatar_id":[""],"url":["https://api.github.com/users/JShilpa"],"html_url":["https://github.com/JShilpa"],"followers_url":["https://api.github.com/users/JShilpa/followers"],"following_url":["https://api.github.com/users/JShilpa/following{/other_user}"],"gists_url":["https://api.github.com/users/JShilpa/gists{/gist_id}"],"starred_url":["https://api.github.com/users/JShilpa/starred{/owner}{/repo}"],"subscriptions_url":["https://api.github.com/users/JShilpa/subscriptions"],"organizations_url":["https://api.github.com/users/JShilpa/orgs"],"repos_url":["https://api.github.com/users/JShilpa/repos"],"events_url":["https://api.github.com/users/JShilpa/events{/privacy}"],"received_events_url":["https://api.github.com/users/JShilpa/received_events"],"type":["User"],"site_admin":[false]},"html_url":["https://github.com/JShilpa/Data-Analysis-using-Excel"],"description":["Lab Work of Microsoft Learning course: Introduction-to-Data-Analysis-using-Excel"],"fork":[false],"url":["https://api.github.com/repos/JShilpa/Data-Analysis-using-Excel"],"forks_url":["https://api.github.com/repos/JShilpa/Data-Analysis-using-Excel/forks"],"keys_url":["https://api.github.com/repos/JShilpa/Data-Analysis-using-Excel/keys{/key_id}"],"collaborators_url":["https://api.github.com/repos/JShilpa/Data-Analysis-using-Excel/collaborators{/collaborator}"],"teams_url":["https://api.github.com/repos/JShilpa/Data-Analysis-using-Excel/teams"],"hooks_url":["https://api.github.com/repos/JShilpa/Data-Analysis-using-Excel/hooks"],"issue_events_url":["https://api.github.com/repos/JShilpa/Data-Analysis-using-Excel/issues/events{/number}"],"events_url":["https://api.github.com/repos/JShilpa/Data-Analysis-using-Excel/events"],"assignees_url":["https://api.github.com/repos/JShilpa/Data-Analysis-using-Excel/assignees{/user}"],"branches_url":["https://api.github.com/repos/JShilpa/Data-Analysis-using-Excel/branches{/branch}"],"tags_url":["https://api.github.com/repos/JShilpa/Data-Analysis-using-Excel/tags"],"blobs_url":["https://api.github.com/repos/JShilpa/Data-Analysis-using-Excel/git/blobs{/sha}"],"git_tags_url":["https://api.github.com/repos/JShilpa/Data-Analysis-using-Excel/git/tags{/sha}"],"git_refs_url":["https://api.github.com/repos/JShilpa/Data-Analysis-using-Excel/git/refs{/sha}"],"trees_url":["https://api.github.com/repos/JShilpa/Data-Analysis-using-Excel/git/trees{/sha}"],"statuses_url":["https://api.github.com/repos/JShilpa/Data-Analysis-using-Excel/statuses/{sha}"],"languages_url":["https://api.github.com/repos/JShilpa/Data-Analysis-using-Excel/languages"],"stargazers_url":["https://api.github.com/repos/JShilpa/Data-Analysis-using-Excel/stargazers"],"contributors_url":["https://api.github.com/repos/JShilpa/Data-Analysis-using-Excel/contributors"],"subscribers_url":["https://api.github.com/repos/JShilpa/Data-Analysis-using-Excel/subscribers"],"subscription_url":["https://api.github.com/repos/JShilpa/Data-Analysis-using-Excel/subscription"],"commits_url":["https://api.github.com/repos/JShilpa/Data-Analysis-using-Excel/commits{/sha}"],"git_commits_url":["https://api.github.com/repos/JShilpa/Data-Analysis-using-Excel/git/commits{/sha}"],"comments_url":["https://api.github.com/repos/JShilpa/Data-Analysis-using-Excel/comments{/number}"],"issue_comment_url":["https://api.github.com/repos/JShilpa/Data-Analysis-using-Excel/issues/comments{/number}"],"contents_url":["https://api.github.com/repos/JShilpa/Data-Analysis-using-Excel/contents/{+path}"],"compare_url":["https://api.github.com/repos/JShilpa/Data-Analysis-using-Excel/compare/{base}...{head}"],"merges_url":["https://api.github.com/repos/JShilpa/Data-Analysis-using-Excel/merges"],"archive_url":["https://api.github.com/repos/JShilpa/Data-Analysis-using-Excel/{archive_format}{/ref}"],"downloads_url":["https://api.github.com/repos/JShilpa/Data-Analysis-using-Excel/downloads"],"issues_url":["https://api.github.com/repos/JShilpa/Data-Analysis-using-Excel/issues{/number}"],"pulls_url":["https://api.github.com/repos/JShilpa/Data-Analysis-using-Excel/pulls{/number}"],"milestones_url":["https://api.github.com/repos/JShilpa/Data-Analysis-using-Excel/milestones{/number}"],"notifications_url":["https://api.github.com/repos/JShilpa/Data-Analysis-using-Excel/notifications{?since,all,participating}"],"labels_url":["https://api.github.com/repos/JShilpa/Data-Analysis-using-Excel/labels{/name}"],"releases_url":["https://api.github.com/repos/JShilpa/Data-Analysis-using-Excel/releases{/id}"],"deployments_url":["https://api.github.com/repos/JShilpa/Data-Analysis-using-Excel/deployments"],"created_at":["2018-05-24T05:00:23Z"],"updated_at":["2018-06-01T15:58:49Z"],"pushed_at":["2018-05-24T18:39:44Z"],"git_url":["git://github.com/JShilpa/Data-Analysis-using-Excel.git"],"ssh_url":["git@github.com:JShilpa/Data-Analysis-using-Excel.git"],"clone_url":["https://github.com/JShilpa/Data-Analysis-using-Excel.git"],"svn_url":["https://github.com/JShilpa/Data-Analysis-using-Excel"],"homepage":["https://www.edx.org/course/introduction-data-analysis-using-excel-microsoft-dat205x-2"],"size":[29590],"stargazers_count":[1],"watchers_count":[1],"language":{},"has_issues":[true],"has_projects":[true],"has_downloads":[true],"has_wiki":[true],"has_pages":[false],"forks_count":[0],"mirror_url":{},"archived":[false],"disabled":[false],"open_issues_count":[0],"license":{},"forks":[0],"open_issues":[0],"watchers":[1],"default_branch":["master"],"permissions":{"admin":[true],"push":[true],"pull":[true]}}
