{"id":[130694283],"node_id":["MDEwOlJlcG9zaXRvcnkxMzA2OTQyODM="],"name":["Data-Analysis-and-Visualization"],"full_name":["JShilpa/Data-Analysis-and-Visualization"],"private":[false],"owner":{"login":["JShilpa"],"id":[12977242],"node_id":["MDQ6VXNlcjEyOTc3MjQy"],"avatar_url":["https://avatars3.githubusercontent.com/u/12977242?v=4"],"gravatar_id":[""],"url":["https://api.github.com/users/JShilpa"],"html_url":["https://github.com/JShilpa"],"followers_url":["https://api.github.com/users/JShilpa/followers"],"following_url":["https://api.github.com/users/JShilpa/following{/other_user}"],"gists_url":["https://api.github.com/users/JShilpa/gists{/gist_id}"],"starred_url":["https://api.github.com/users/JShilpa/starred{/owner}{/repo}"],"subscriptions_url":["https://api.github.com/users/JShilpa/subscriptions"],"organizations_url":["https://api.github.com/users/JShilpa/orgs"],"repos_url":["https://api.github.com/users/JShilpa/repos"],"events_url":["https://api.github.com/users/JShilpa/events{/privacy}"],"received_events_url":["https://api.github.com/users/JShilpa/received_events"],"type":["User"],"site_admin":[false]},"html_url":["https://github.com/JShilpa/Data-Analysis-and-Visualization"],"description":["Resources and code files for learning about data analysis, visualization, machine learning and NLP in Python"],"fork":[false],"url":["https://api.github.com/repos/JShilpa/Data-Analysis-and-Visualization"],"forks_url":["https://api.github.com/repos/JShilpa/Data-Analysis-and-Visualization/forks"],"keys_url":["https://api.github.com/repos/JShilpa/Data-Analysis-and-Visualization/keys{/key_id}"],"collaborators_url":["https://api.github.com/repos/JShilpa/Data-Analysis-and-Visualization/collaborators{/collaborator}"],"teams_url":["https://api.github.com/repos/JShilpa/Data-Analysis-and-Visualization/teams"],"hooks_url":["https://api.github.com/repos/JShilpa/Data-Analysis-and-Visualization/hooks"],"issue_events_url":["https://api.github.com/repos/JShilpa/Data-Analysis-and-Visualization/issues/events{/number}"],"events_url":["https://api.github.com/repos/JShilpa/Data-Analysis-and-Visualization/events"],"assignees_url":["https://api.github.com/repos/JShilpa/Data-Analysis-and-Visualization/assignees{/user}"],"branches_url":["https://api.github.com/repos/JShilpa/Data-Analysis-and-Visualization/branches{/branch}"],"tags_url":["https://api.github.com/repos/JShilpa/Data-Analysis-and-Visualization/tags"],"blobs_url":["https://api.github.com/repos/JShilpa/Data-Analysis-and-Visualization/git/blobs{/sha}"],"git_tags_url":["https://api.github.com/repos/JShilpa/Data-Analysis-and-Visualization/git/tags{/sha}"],"git_refs_url":["https://api.github.com/repos/JShilpa/Data-Analysis-and-Visualization/git/refs{/sha}"],"trees_url":["https://api.github.com/repos/JShilpa/Data-Analysis-and-Visualization/git/trees{/sha}"],"statuses_url":["https://api.github.com/repos/JShilpa/Data-Analysis-and-Visualization/statuses/{sha}"],"languages_url":["https://api.github.com/repos/JShilpa/Data-Analysis-and-Visualization/languages"],"stargazers_url":["https://api.github.com/repos/JShilpa/Data-Analysis-and-Visualization/stargazers"],"contributors_url":["https://api.github.com/repos/JShilpa/Data-Analysis-and-Visualization/contributors"],"subscribers_url":["https://api.github.com/repos/JShilpa/Data-Analysis-and-Visualization/subscribers"],"subscription_url":["https://api.github.com/repos/JShilpa/Data-Analysis-and-Visualization/subscription"],"commits_url":["https://api.github.com/repos/JShilpa/Data-Analysis-and-Visualization/commits{/sha}"],"git_commits_url":["https://api.github.com/repos/JShilpa/Data-Analysis-and-Visualization/git/commits{/sha}"],"comments_url":["https://api.github.com/repos/JShilpa/Data-Analysis-and-Visualization/comments{/number}"],"issue_comment_url":["https://api.github.com/repos/JShilpa/Data-Analysis-and-Visualization/issues/comments{/number}"],"contents_url":["https://api.github.com/repos/JShilpa/Data-Analysis-and-Visualization/contents/{+path}"],"compare_url":["https://api.github.com/repos/JShilpa/Data-Analysis-and-Visualization/compare/{base}...{head}"],"merges_url":["https://api.github.com/repos/JShilpa/Data-Analysis-and-Visualization/merges"],"archive_url":["https://api.github.com/repos/JShilpa/Data-Analysis-and-Visualization/{archive_format}{/ref}"],"downloads_url":["https://api.github.com/repos/JShilpa/Data-Analysis-and-Visualization/downloads"],"issues_url":["https://api.github.com/repos/JShilpa/Data-Analysis-and-Visualization/issues{/number}"],"pulls_url":["https://api.github.com/repos/JShilpa/Data-Analysis-and-Visualization/pulls{/number}"],"milestones_url":["https://api.github.com/repos/JShilpa/Data-Analysis-and-Visualization/milestones{/number}"],"notifications_url":["https://api.github.com/repos/JShilpa/Data-Analysis-and-Visualization/notifications{?since,all,participating}"],"labels_url":["https://api.github.com/repos/JShilpa/Data-Analysis-and-Visualization/labels{/name}"],"releases_url":["https://api.github.com/repos/JShilpa/Data-Analysis-and-Visualization/releases{/id}"],"deployments_url":["https://api.github.com/repos/JShilpa/Data-Analysis-and-Visualization/deployments"],"created_at":["2018-04-23T12:37:18Z"],"updated_at":["2019-01-28T06:36:46Z"],"pushed_at":["2018-05-14T08:06:51Z"],"git_url":["git://github.com/JShilpa/Data-Analysis-and-Visualization.git"],"ssh_url":["git@github.com:JShilpa/Data-Analysis-and-Visualization.git"],"clone_url":["https://github.com/JShilpa/Data-Analysis-and-Visualization.git"],"svn_url":["https://github.com/JShilpa/Data-Analysis-and-Visualization"],"homepage":[""],"size":[611],"stargazers_count":[4],"watchers_count":[4],"language":["Jupyter Notebook"],"has_issues":[true],"has_projects":[true],"has_downloads":[true],"has_wiki":[true],"has_pages":[false],"forks_count":[1],"mirror_url":{},"archived":[false],"disabled":[false],"open_issues_count":[0],"license":{},"forks":[1],"open_issues":[0],"watchers":[4],"default_branch":["master"],"permissions":{"admin":[true],"push":[true],"pull":[true]}}
