{"id":[120411175],"node_id":["MDEwOlJlcG9zaXRvcnkxMjA0MTExNzU="],"name":["devGranth"],"full_name":["JShilpa/devGranth"],"private":[false],"owner":{"login":["JShilpa"],"id":[12977242],"node_id":["MDQ6VXNlcjEyOTc3MjQy"],"avatar_url":["https://avatars3.githubusercontent.com/u/12977242?v=4"],"gravatar_id":[""],"url":["https://api.github.com/users/JShilpa"],"html_url":["https://github.com/JShilpa"],"followers_url":["https://api.github.com/users/JShilpa/followers"],"following_url":["https://api.github.com/users/JShilpa/following{/other_user}"],"gists_url":["https://api.github.com/users/JShilpa/gists{/gist_id}"],"starred_url":["https://api.github.com/users/JShilpa/starred{/owner}{/repo}"],"subscriptions_url":["https://api.github.com/users/JShilpa/subscriptions"],"organizations_url":["https://api.github.com/users/JShilpa/orgs"],"repos_url":["https://api.github.com/users/JShilpa/repos"],"events_url":["https://api.github.com/users/JShilpa/events{/privacy}"],"received_events_url":["https://api.github.com/users/JShilpa/received_events"],"type":["User"],"site_admin":[false]},"html_url":["https://github.com/JShilpa/devGranth"],"description":["A chronological list of content from my digital Granth where I write about software engineering, web development, data science & mind-numbing theoretical CS concepts. "],"fork":[false],"url":["https://api.github.com/repos/JShilpa/devGranth"],"forks_url":["https://api.github.com/repos/JShilpa/devGranth/forks"],"keys_url":["https://api.github.com/repos/JShilpa/devGranth/keys{/key_id}"],"collaborators_url":["https://api.github.com/repos/JShilpa/devGranth/collaborators{/collaborator}"],"teams_url":["https://api.github.com/repos/JShilpa/devGranth/teams"],"hooks_url":["https://api.github.com/repos/JShilpa/devGranth/hooks"],"issue_events_url":["https://api.github.com/repos/JShilpa/devGranth/issues/events{/number}"],"events_url":["https://api.github.com/repos/JShilpa/devGranth/events"],"assignees_url":["https://api.github.com/repos/JShilpa/devGranth/assignees{/user}"],"branches_url":["https://api.github.com/repos/JShilpa/devGranth/branches{/branch}"],"tags_url":["https://api.github.com/repos/JShilpa/devGranth/tags"],"blobs_url":["https://api.github.com/repos/JShilpa/devGranth/git/blobs{/sha}"],"git_tags_url":["https://api.github.com/repos/JShilpa/devGranth/git/tags{/sha}"],"git_refs_url":["https://api.github.com/repos/JShilpa/devGranth/git/refs{/sha}"],"trees_url":["https://api.github.com/repos/JShilpa/devGranth/git/trees{/sha}"],"statuses_url":["https://api.github.com/repos/JShilpa/devGranth/statuses/{sha}"],"languages_url":["https://api.github.com/repos/JShilpa/devGranth/languages"],"stargazers_url":["https://api.github.com/repos/JShilpa/devGranth/stargazers"],"contributors_url":["https://api.github.com/repos/JShilpa/devGranth/contributors"],"subscribers_url":["https://api.github.com/repos/JShilpa/devGranth/subscribers"],"subscription_url":["https://api.github.com/repos/JShilpa/devGranth/subscription"],"commits_url":["https://api.github.com/repos/JShilpa/devGranth/commits{/sha}"],"git_commits_url":["https://api.github.com/repos/JShilpa/devGranth/git/commits{/sha}"],"comments_url":["https://api.github.com/repos/JShilpa/devGranth/comments{/number}"],"issue_comment_url":["https://api.github.com/repos/JShilpa/devGranth/issues/comments{/number}"],"contents_url":["https://api.github.com/repos/JShilpa/devGranth/contents/{+path}"],"compare_url":["https://api.github.com/repos/JShilpa/devGranth/compare/{base}...{head}"],"merges_url":["https://api.github.com/repos/JShilpa/devGranth/merges"],"archive_url":["https://api.github.com/repos/JShilpa/devGranth/{archive_format}{/ref}"],"downloads_url":["https://api.github.com/repos/JShilpa/devGranth/downloads"],"issues_url":["https://api.github.com/repos/JShilpa/devGranth/issues{/number}"],"pulls_url":["https://api.github.com/repos/JShilpa/devGranth/pulls{/number}"],"milestones_url":["https://api.github.com/repos/JShilpa/devGranth/milestones{/number}"],"notifications_url":["https://api.github.com/repos/JShilpa/devGranth/notifications{?since,all,participating}"],"labels_url":["https://api.github.com/repos/JShilpa/devGranth/labels{/name}"],"releases_url":["https://api.github.com/repos/JShilpa/devGranth/releases{/id}"],"deployments_url":["https://api.github.com/repos/JShilpa/devGranth/deployments"],"created_at":["2018-02-06T06:22:37Z"],"updated_at":["2019-04-04T21:02:11Z"],"pushed_at":["2018-06-11T15:24:32Z"],"git_url":["git://github.com/JShilpa/devGranth.git"],"ssh_url":["git@github.com:JShilpa/devGranth.git"],"clone_url":["https://github.com/JShilpa/devGranth.git"],"svn_url":["https://github.com/JShilpa/devGranth"],"homepage":["https://jshilpa.com/"],"size":[7],"stargazers_count":[0],"watchers_count":[0],"language":{},"has_issues":[true],"has_projects":[true],"has_downloads":[true],"has_wiki":[true],"has_pages":[false],"forks_count":[0],"mirror_url":{},"archived":[false],"disabled":[false],"open_issues_count":[0],"license":{},"forks":[0],"open_issues":[0],"watchers":[0],"default_branch":["master"],"permissions":{"admin":[true],"push":[true],"pull":[true]}}
