{"id":[120113952],"node_id":["MDEwOlJlcG9zaXRvcnkxMjAxMTM5NTI="],"name":["HackerRank_solutions"],"full_name":["JShilpa/HackerRank_solutions"],"private":[false],"owner":{"login":["JShilpa"],"id":[12977242],"node_id":["MDQ6VXNlcjEyOTc3MjQy"],"avatar_url":["https://avatars3.githubusercontent.com/u/12977242?v=4"],"gravatar_id":[""],"url":["https://api.github.com/users/JShilpa"],"html_url":["https://github.com/JShilpa"],"followers_url":["https://api.github.com/users/JShilpa/followers"],"following_url":["https://api.github.com/users/JShilpa/following{/other_user}"],"gists_url":["https://api.github.com/users/JShilpa/gists{/gist_id}"],"starred_url":["https://api.github.com/users/JShilpa/starred{/owner}{/repo}"],"subscriptions_url":["https://api.github.com/users/JShilpa/subscriptions"],"organizations_url":["https://api.github.com/users/JShilpa/orgs"],"repos_url":["https://api.github.com/users/JShilpa/repos"],"events_url":["https://api.github.com/users/JShilpa/events{/privacy}"],"received_events_url":["https://api.github.com/users/JShilpa/received_events"],"type":["User"],"site_admin":[false]},"html_url":["https://github.com/JShilpa/HackerRank_solutions"],"description":["HackerRank Solutions - 320 efficient solutions to HackerRank problems"],"fork":[true],"url":["https://api.github.com/repos/JShilpa/HackerRank_solutions"],"forks_url":["https://api.github.com/repos/JShilpa/HackerRank_solutions/forks"],"keys_url":["https://api.github.com/repos/JShilpa/HackerRank_solutions/keys{/key_id}"],"collaborators_url":["https://api.github.com/repos/JShilpa/HackerRank_solutions/collaborators{/collaborator}"],"teams_url":["https://api.github.com/repos/JShilpa/HackerRank_solutions/teams"],"hooks_url":["https://api.github.com/repos/JShilpa/HackerRank_solutions/hooks"],"issue_events_url":["https://api.github.com/repos/JShilpa/HackerRank_solutions/issues/events{/number}"],"events_url":["https://api.github.com/repos/JShilpa/HackerRank_solutions/events"],"assignees_url":["https://api.github.com/repos/JShilpa/HackerRank_solutions/assignees{/user}"],"branches_url":["https://api.github.com/repos/JShilpa/HackerRank_solutions/branches{/branch}"],"tags_url":["https://api.github.com/repos/JShilpa/HackerRank_solutions/tags"],"blobs_url":["https://api.github.com/repos/JShilpa/HackerRank_solutions/git/blobs{/sha}"],"git_tags_url":["https://api.github.com/repos/JShilpa/HackerRank_solutions/git/tags{/sha}"],"git_refs_url":["https://api.github.com/repos/JShilpa/HackerRank_solutions/git/refs{/sha}"],"trees_url":["https://api.github.com/repos/JShilpa/HackerRank_solutions/git/trees{/sha}"],"statuses_url":["https://api.github.com/repos/JShilpa/HackerRank_solutions/statuses/{sha}"],"languages_url":["https://api.github.com/repos/JShilpa/HackerRank_solutions/languages"],"stargazers_url":["https://api.github.com/repos/JShilpa/HackerRank_solutions/stargazers"],"contributors_url":["https://api.github.com/repos/JShilpa/HackerRank_solutions/contributors"],"subscribers_url":["https://api.github.com/repos/JShilpa/HackerRank_solutions/subscribers"],"subscription_url":["https://api.github.com/repos/JShilpa/HackerRank_solutions/subscription"],"commits_url":["https://api.github.com/repos/JShilpa/HackerRank_solutions/commits{/sha}"],"git_commits_url":["https://api.github.com/repos/JShilpa/HackerRank_solutions/git/commits{/sha}"],"comments_url":["https://api.github.com/repos/JShilpa/HackerRank_solutions/comments{/number}"],"issue_comment_url":["https://api.github.com/repos/JShilpa/HackerRank_solutions/issues/comments{/number}"],"contents_url":["https://api.github.com/repos/JShilpa/HackerRank_solutions/contents/{+path}"],"compare_url":["https://api.github.com/repos/JShilpa/HackerRank_solutions/compare/{base}...{head}"],"merges_url":["https://api.github.com/repos/JShilpa/HackerRank_solutions/merges"],"archive_url":["https://api.github.com/repos/JShilpa/HackerRank_solutions/{archive_format}{/ref}"],"downloads_url":["https://api.github.com/repos/JShilpa/HackerRank_solutions/downloads"],"issues_url":["https://api.github.com/repos/JShilpa/HackerRank_solutions/issues{/number}"],"pulls_url":["https://api.github.com/repos/JShilpa/HackerRank_solutions/pulls{/number}"],"milestones_url":["https://api.github.com/repos/JShilpa/HackerRank_solutions/milestones{/number}"],"notifications_url":["https://api.github.com/repos/JShilpa/HackerRank_solutions/notifications{?since,all,participating}"],"labels_url":["https://api.github.com/repos/JShilpa/HackerRank_solutions/labels{/name}"],"releases_url":["https://api.github.com/repos/JShilpa/HackerRank_solutions/releases{/id}"],"deployments_url":["https://api.github.com/repos/JShilpa/HackerRank_solutions/deployments"],"created_at":["2018-02-03T17:35:52Z"],"updated_at":["2018-03-26T02:22:46Z"],"pushed_at":["2017-11-17T17:09:07Z"],"git_url":["git://github.com/JShilpa/HackerRank_solutions.git"],"ssh_url":["git@github.com:JShilpa/HackerRank_solutions.git"],"clone_url":["https://github.com/JShilpa/HackerRank_solutions.git"],"svn_url":["https://github.com/JShilpa/HackerRank_solutions"],"homepage":[""],"size":[400],"stargazers_count":[1],"watchers_count":[1],"language":["Java"],"has_issues":[false],"has_projects":[true],"has_downloads":[true],"has_wiki":[true],"has_pages":[false],"forks_count":[1],"mirror_url":{},"archived":[false],"disabled":[false],"open_issues_count":[0],"license":{"key":["mit"],"name":["MIT License"],"spdx_id":["MIT"],"url":["https://api.github.com/licenses/mit"],"node_id":["MDc6TGljZW5zZTEz"]},"forks":[1],"open_issues":[0],"watchers":[1],"default_branch":["master"],"permissions":{"admin":[true],"push":[true],"pull":[true]}}
