{"id":[119857569],"node_id":["MDEwOlJlcG9zaXRvcnkxMTk4NTc1Njk="],"name":["HackerRank-PySolutions"],"full_name":["JShilpa/HackerRank-PySolutions"],"private":[false],"owner":{"login":["JShilpa"],"id":[12977242],"node_id":["MDQ6VXNlcjEyOTc3MjQy"],"avatar_url":["https://avatars3.githubusercontent.com/u/12977242?v=4"],"gravatar_id":[""],"url":["https://api.github.com/users/JShilpa"],"html_url":["https://github.com/JShilpa"],"followers_url":["https://api.github.com/users/JShilpa/followers"],"following_url":["https://api.github.com/users/JShilpa/following{/other_user}"],"gists_url":["https://api.github.com/users/JShilpa/gists{/gist_id}"],"starred_url":["https://api.github.com/users/JShilpa/starred{/owner}{/repo}"],"subscriptions_url":["https://api.github.com/users/JShilpa/subscriptions"],"organizations_url":["https://api.github.com/users/JShilpa/orgs"],"repos_url":["https://api.github.com/users/JShilpa/repos"],"events_url":["https://api.github.com/users/JShilpa/events{/privacy}"],"received_events_url":["https://api.github.com/users/JShilpa/received_events"],"type":["User"],"site_admin":[false]},"html_url":["https://github.com/JShilpa/HackerRank-PySolutions"],"description":["HackerRank Solutions in Python"],"fork":[false],"url":["https://api.github.com/repos/JShilpa/HackerRank-PySolutions"],"forks_url":["https://api.github.com/repos/JShilpa/HackerRank-PySolutions/forks"],"keys_url":["https://api.github.com/repos/JShilpa/HackerRank-PySolutions/keys{/key_id}"],"collaborators_url":["https://api.github.com/repos/JShilpa/HackerRank-PySolutions/collaborators{/collaborator}"],"teams_url":["https://api.github.com/repos/JShilpa/HackerRank-PySolutions/teams"],"hooks_url":["https://api.github.com/repos/JShilpa/HackerRank-PySolutions/hooks"],"issue_events_url":["https://api.github.com/repos/JShilpa/HackerRank-PySolutions/issues/events{/number}"],"events_url":["https://api.github.com/repos/JShilpa/HackerRank-PySolutions/events"],"assignees_url":["https://api.github.com/repos/JShilpa/HackerRank-PySolutions/assignees{/user}"],"branches_url":["https://api.github.com/repos/JShilpa/HackerRank-PySolutions/branches{/branch}"],"tags_url":["https://api.github.com/repos/JShilpa/HackerRank-PySolutions/tags"],"blobs_url":["https://api.github.com/repos/JShilpa/HackerRank-PySolutions/git/blobs{/sha}"],"git_tags_url":["https://api.github.com/repos/JShilpa/HackerRank-PySolutions/git/tags{/sha}"],"git_refs_url":["https://api.github.com/repos/JShilpa/HackerRank-PySolutions/git/refs{/sha}"],"trees_url":["https://api.github.com/repos/JShilpa/HackerRank-PySolutions/git/trees{/sha}"],"statuses_url":["https://api.github.com/repos/JShilpa/HackerRank-PySolutions/statuses/{sha}"],"languages_url":["https://api.github.com/repos/JShilpa/HackerRank-PySolutions/languages"],"stargazers_url":["https://api.github.com/repos/JShilpa/HackerRank-PySolutions/stargazers"],"contributors_url":["https://api.github.com/repos/JShilpa/HackerRank-PySolutions/contributors"],"subscribers_url":["https://api.github.com/repos/JShilpa/HackerRank-PySolutions/subscribers"],"subscription_url":["https://api.github.com/repos/JShilpa/HackerRank-PySolutions/subscription"],"commits_url":["https://api.github.com/repos/JShilpa/HackerRank-PySolutions/commits{/sha}"],"git_commits_url":["https://api.github.com/repos/JShilpa/HackerRank-PySolutions/git/commits{/sha}"],"comments_url":["https://api.github.com/repos/JShilpa/HackerRank-PySolutions/comments{/number}"],"issue_comment_url":["https://api.github.com/repos/JShilpa/HackerRank-PySolutions/issues/comments{/number}"],"contents_url":["https://api.github.com/repos/JShilpa/HackerRank-PySolutions/contents/{+path}"],"compare_url":["https://api.github.com/repos/JShilpa/HackerRank-PySolutions/compare/{base}...{head}"],"merges_url":["https://api.github.com/repos/JShilpa/HackerRank-PySolutions/merges"],"archive_url":["https://api.github.com/repos/JShilpa/HackerRank-PySolutions/{archive_format}{/ref}"],"downloads_url":["https://api.github.com/repos/JShilpa/HackerRank-PySolutions/downloads"],"issues_url":["https://api.github.com/repos/JShilpa/HackerRank-PySolutions/issues{/number}"],"pulls_url":["https://api.github.com/repos/JShilpa/HackerRank-PySolutions/pulls{/number}"],"milestones_url":["https://api.github.com/repos/JShilpa/HackerRank-PySolutions/milestones{/number}"],"notifications_url":["https://api.github.com/repos/JShilpa/HackerRank-PySolutions/notifications{?since,all,participating}"],"labels_url":["https://api.github.com/repos/JShilpa/HackerRank-PySolutions/labels{/name}"],"releases_url":["https://api.github.com/repos/JShilpa/HackerRank-PySolutions/releases{/id}"],"deployments_url":["https://api.github.com/repos/JShilpa/HackerRank-PySolutions/deployments"],"created_at":["2018-02-01T15:52:33Z"],"updated_at":["2018-08-11T14:32:46Z"],"pushed_at":["2018-05-26T06:26:18Z"],"git_url":["git://github.com/JShilpa/HackerRank-PySolutions.git"],"ssh_url":["git@github.com:JShilpa/HackerRank-PySolutions.git"],"clone_url":["https://github.com/JShilpa/HackerRank-PySolutions.git"],"svn_url":["https://github.com/JShilpa/HackerRank-PySolutions"],"homepage":["https://www.hackerrank.com/jainshilpa1993"],"size":[42],"stargazers_count":[4],"watchers_count":[4],"language":["Python"],"has_issues":[true],"has_projects":[true],"has_downloads":[true],"has_wiki":[true],"has_pages":[false],"forks_count":[3],"mirror_url":{},"archived":[false],"disabled":[false],"open_issues_count":[0],"license":{},"forks":[3],"open_issues":[0],"watchers":[4],"default_branch":["master"],"permissions":{"admin":[true],"push":[true],"pull":[true]}}
