{"id":[157276715],"node_id":["MDEwOlJlcG9zaXRvcnkxNTcyNzY3MTU="],"name":["Home-Depot-Hackathon"],"full_name":["JShilpa/Home-Depot-Hackathon"],"private":[false],"owner":{"login":["JShilpa"],"id":[12977242],"node_id":["MDQ6VXNlcjEyOTc3MjQy"],"avatar_url":["https://avatars3.githubusercontent.com/u/12977242?v=4"],"gravatar_id":[""],"url":["https://api.github.com/users/JShilpa"],"html_url":["https://github.com/JShilpa"],"followers_url":["https://api.github.com/users/JShilpa/followers"],"following_url":["https://api.github.com/users/JShilpa/following{/other_user}"],"gists_url":["https://api.github.com/users/JShilpa/gists{/gist_id}"],"starred_url":["https://api.github.com/users/JShilpa/starred{/owner}{/repo}"],"subscriptions_url":["https://api.github.com/users/JShilpa/subscriptions"],"organizations_url":["https://api.github.com/users/JShilpa/orgs"],"repos_url":["https://api.github.com/users/JShilpa/repos"],"events_url":["https://api.github.com/users/JShilpa/events{/privacy}"],"received_events_url":["https://api.github.com/users/JShilpa/received_events"],"type":["User"],"site_admin":[false]},"html_url":["https://github.com/JShilpa/Home-Depot-Hackathon"],"description":["Twitter Sentiment Analysis At Hackathon for Home Depot"],"fork":[false],"url":["https://api.github.com/repos/JShilpa/Home-Depot-Hackathon"],"forks_url":["https://api.github.com/repos/JShilpa/Home-Depot-Hackathon/forks"],"keys_url":["https://api.github.com/repos/JShilpa/Home-Depot-Hackathon/keys{/key_id}"],"collaborators_url":["https://api.github.com/repos/JShilpa/Home-Depot-Hackathon/collaborators{/collaborator}"],"teams_url":["https://api.github.com/repos/JShilpa/Home-Depot-Hackathon/teams"],"hooks_url":["https://api.github.com/repos/JShilpa/Home-Depot-Hackathon/hooks"],"issue_events_url":["https://api.github.com/repos/JShilpa/Home-Depot-Hackathon/issues/events{/number}"],"events_url":["https://api.github.com/repos/JShilpa/Home-Depot-Hackathon/events"],"assignees_url":["https://api.github.com/repos/JShilpa/Home-Depot-Hackathon/assignees{/user}"],"branches_url":["https://api.github.com/repos/JShilpa/Home-Depot-Hackathon/branches{/branch}"],"tags_url":["https://api.github.com/repos/JShilpa/Home-Depot-Hackathon/tags"],"blobs_url":["https://api.github.com/repos/JShilpa/Home-Depot-Hackathon/git/blobs{/sha}"],"git_tags_url":["https://api.github.com/repos/JShilpa/Home-Depot-Hackathon/git/tags{/sha}"],"git_refs_url":["https://api.github.com/repos/JShilpa/Home-Depot-Hackathon/git/refs{/sha}"],"trees_url":["https://api.github.com/repos/JShilpa/Home-Depot-Hackathon/git/trees{/sha}"],"statuses_url":["https://api.github.com/repos/JShilpa/Home-Depot-Hackathon/statuses/{sha}"],"languages_url":["https://api.github.com/repos/JShilpa/Home-Depot-Hackathon/languages"],"stargazers_url":["https://api.github.com/repos/JShilpa/Home-Depot-Hackathon/stargazers"],"contributors_url":["https://api.github.com/repos/JShilpa/Home-Depot-Hackathon/contributors"],"subscribers_url":["https://api.github.com/repos/JShilpa/Home-Depot-Hackathon/subscribers"],"subscription_url":["https://api.github.com/repos/JShilpa/Home-Depot-Hackathon/subscription"],"commits_url":["https://api.github.com/repos/JShilpa/Home-Depot-Hackathon/commits{/sha}"],"git_commits_url":["https://api.github.com/repos/JShilpa/Home-Depot-Hackathon/git/commits{/sha}"],"comments_url":["https://api.github.com/repos/JShilpa/Home-Depot-Hackathon/comments{/number}"],"issue_comment_url":["https://api.github.com/repos/JShilpa/Home-Depot-Hackathon/issues/comments{/number}"],"contents_url":["https://api.github.com/repos/JShilpa/Home-Depot-Hackathon/contents/{+path}"],"compare_url":["https://api.github.com/repos/JShilpa/Home-Depot-Hackathon/compare/{base}...{head}"],"merges_url":["https://api.github.com/repos/JShilpa/Home-Depot-Hackathon/merges"],"archive_url":["https://api.github.com/repos/JShilpa/Home-Depot-Hackathon/{archive_format}{/ref}"],"downloads_url":["https://api.github.com/repos/JShilpa/Home-Depot-Hackathon/downloads"],"issues_url":["https://api.github.com/repos/JShilpa/Home-Depot-Hackathon/issues{/number}"],"pulls_url":["https://api.github.com/repos/JShilpa/Home-Depot-Hackathon/pulls{/number}"],"milestones_url":["https://api.github.com/repos/JShilpa/Home-Depot-Hackathon/milestones{/number}"],"notifications_url":["https://api.github.com/repos/JShilpa/Home-Depot-Hackathon/notifications{?since,all,participating}"],"labels_url":["https://api.github.com/repos/JShilpa/Home-Depot-Hackathon/labels{/name}"],"releases_url":["https://api.github.com/repos/JShilpa/Home-Depot-Hackathon/releases{/id}"],"deployments_url":["https://api.github.com/repos/JShilpa/Home-Depot-Hackathon/deployments"],"created_at":["2018-11-12T21:05:47Z"],"updated_at":["2019-03-04T06:22:37Z"],"pushed_at":["2018-11-12T21:10:48Z"],"git_url":["git://github.com/JShilpa/Home-Depot-Hackathon.git"],"ssh_url":["git@github.com:JShilpa/Home-Depot-Hackathon.git"],"clone_url":["https://github.com/JShilpa/Home-Depot-Hackathon.git"],"svn_url":["https://github.com/JShilpa/Home-Depot-Hackathon"],"homepage":[""],"size":[3732],"stargazers_count":[1],"watchers_count":[1],"language":["Jupyter Notebook"],"has_issues":[true],"has_projects":[true],"has_downloads":[true],"has_wiki":[true],"has_pages":[false],"forks_count":[0],"mirror_url":{},"archived":[false],"disabled":[false],"open_issues_count":[0],"license":{},"forks":[0],"open_issues":[0],"watchers":[1],"default_branch":["master"],"permissions":{"admin":[true],"push":[true],"pull":[true]}}
