{"id":[120156206],"node_id":["MDEwOlJlcG9zaXRvcnkxMjAxNTYyMDY="],"name":["jshilpa.github.io"],"full_name":["JShilpa/jshilpa.github.io"],"private":[false],"owner":{"login":["JShilpa"],"id":[12977242],"node_id":["MDQ6VXNlcjEyOTc3MjQy"],"avatar_url":["https://avatars3.githubusercontent.com/u/12977242?v=4"],"gravatar_id":[""],"url":["https://api.github.com/users/JShilpa"],"html_url":["https://github.com/JShilpa"],"followers_url":["https://api.github.com/users/JShilpa/followers"],"following_url":["https://api.github.com/users/JShilpa/following{/other_user}"],"gists_url":["https://api.github.com/users/JShilpa/gists{/gist_id}"],"starred_url":["https://api.github.com/users/JShilpa/starred{/owner}{/repo}"],"subscriptions_url":["https://api.github.com/users/JShilpa/subscriptions"],"organizations_url":["https://api.github.com/users/JShilpa/orgs"],"repos_url":["https://api.github.com/users/JShilpa/repos"],"events_url":["https://api.github.com/users/JShilpa/events{/privacy}"],"received_events_url":["https://api.github.com/users/JShilpa/received_events"],"type":["User"],"site_admin":[false]},"html_url":["https://github.com/JShilpa/jshilpa.github.io"],"description":{},"fork":[false],"url":["https://api.github.com/repos/JShilpa/jshilpa.github.io"],"forks_url":["https://api.github.com/repos/JShilpa/jshilpa.github.io/forks"],"keys_url":["https://api.github.com/repos/JShilpa/jshilpa.github.io/keys{/key_id}"],"collaborators_url":["https://api.github.com/repos/JShilpa/jshilpa.github.io/collaborators{/collaborator}"],"teams_url":["https://api.github.com/repos/JShilpa/jshilpa.github.io/teams"],"hooks_url":["https://api.github.com/repos/JShilpa/jshilpa.github.io/hooks"],"issue_events_url":["https://api.github.com/repos/JShilpa/jshilpa.github.io/issues/events{/number}"],"events_url":["https://api.github.com/repos/JShilpa/jshilpa.github.io/events"],"assignees_url":["https://api.github.com/repos/JShilpa/jshilpa.github.io/assignees{/user}"],"branches_url":["https://api.github.com/repos/JShilpa/jshilpa.github.io/branches{/branch}"],"tags_url":["https://api.github.com/repos/JShilpa/jshilpa.github.io/tags"],"blobs_url":["https://api.github.com/repos/JShilpa/jshilpa.github.io/git/blobs{/sha}"],"git_tags_url":["https://api.github.com/repos/JShilpa/jshilpa.github.io/git/tags{/sha}"],"git_refs_url":["https://api.github.com/repos/JShilpa/jshilpa.github.io/git/refs{/sha}"],"trees_url":["https://api.github.com/repos/JShilpa/jshilpa.github.io/git/trees{/sha}"],"statuses_url":["https://api.github.com/repos/JShilpa/jshilpa.github.io/statuses/{sha}"],"languages_url":["https://api.github.com/repos/JShilpa/jshilpa.github.io/languages"],"stargazers_url":["https://api.github.com/repos/JShilpa/jshilpa.github.io/stargazers"],"contributors_url":["https://api.github.com/repos/JShilpa/jshilpa.github.io/contributors"],"subscribers_url":["https://api.github.com/repos/JShilpa/jshilpa.github.io/subscribers"],"subscription_url":["https://api.github.com/repos/JShilpa/jshilpa.github.io/subscription"],"commits_url":["https://api.github.com/repos/JShilpa/jshilpa.github.io/commits{/sha}"],"git_commits_url":["https://api.github.com/repos/JShilpa/jshilpa.github.io/git/commits{/sha}"],"comments_url":["https://api.github.com/repos/JShilpa/jshilpa.github.io/comments{/number}"],"issue_comment_url":["https://api.github.com/repos/JShilpa/jshilpa.github.io/issues/comments{/number}"],"contents_url":["https://api.github.com/repos/JShilpa/jshilpa.github.io/contents/{+path}"],"compare_url":["https://api.github.com/repos/JShilpa/jshilpa.github.io/compare/{base}...{head}"],"merges_url":["https://api.github.com/repos/JShilpa/jshilpa.github.io/merges"],"archive_url":["https://api.github.com/repos/JShilpa/jshilpa.github.io/{archive_format}{/ref}"],"downloads_url":["https://api.github.com/repos/JShilpa/jshilpa.github.io/downloads"],"issues_url":["https://api.github.com/repos/JShilpa/jshilpa.github.io/issues{/number}"],"pulls_url":["https://api.github.com/repos/JShilpa/jshilpa.github.io/pulls{/number}"],"milestones_url":["https://api.github.com/repos/JShilpa/jshilpa.github.io/milestones{/number}"],"notifications_url":["https://api.github.com/repos/JShilpa/jshilpa.github.io/notifications{?since,all,participating}"],"labels_url":["https://api.github.com/repos/JShilpa/jshilpa.github.io/labels{/name}"],"releases_url":["https://api.github.com/repos/JShilpa/jshilpa.github.io/releases{/id}"],"deployments_url":["https://api.github.com/repos/JShilpa/jshilpa.github.io/deployments"],"created_at":["2018-02-04T04:58:59Z"],"updated_at":["2018-02-04T08:01:01Z"],"pushed_at":["2018-02-10T18:57:25Z"],"git_url":["git://github.com/JShilpa/jshilpa.github.io.git"],"ssh_url":["git@github.com:JShilpa/jshilpa.github.io.git"],"clone_url":["https://github.com/JShilpa/jshilpa.github.io.git"],"svn_url":["https://github.com/JShilpa/jshilpa.github.io"],"homepage":{},"size":[83],"stargazers_count":[0],"watchers_count":[0],"language":["CSS"],"has_issues":[true],"has_projects":[true],"has_downloads":[true],"has_wiki":[true],"has_pages":[true],"forks_count":[0],"mirror_url":{},"archived":[false],"disabled":[false],"open_issues_count":[0],"license":{},"forks":[0],"open_issues":[0],"watchers":[0],"default_branch":["master"],"permissions":{"admin":[true],"push":[true],"pull":[true]}}
