{"id":[48655082],"node_id":["MDEwOlJlcG9zaXRvcnk0ODY1NTA4Mg=="],"name":["Meteor-MonthlyResolutions"],"full_name":["JShilpa/Meteor-MonthlyResolutions"],"private":[false],"owner":{"login":["JShilpa"],"id":[12977242],"node_id":["MDQ6VXNlcjEyOTc3MjQy"],"avatar_url":["https://avatars3.githubusercontent.com/u/12977242?v=4"],"gravatar_id":[""],"url":["https://api.github.com/users/JShilpa"],"html_url":["https://github.com/JShilpa"],"followers_url":["https://api.github.com/users/JShilpa/followers"],"following_url":["https://api.github.com/users/JShilpa/following{/other_user}"],"gists_url":["https://api.github.com/users/JShilpa/gists{/gist_id}"],"starred_url":["https://api.github.com/users/JShilpa/starred{/owner}{/repo}"],"subscriptions_url":["https://api.github.com/users/JShilpa/subscriptions"],"organizations_url":["https://api.github.com/users/JShilpa/orgs"],"repos_url":["https://api.github.com/users/JShilpa/repos"],"events_url":["https://api.github.com/users/JShilpa/events{/privacy}"],"received_events_url":["https://api.github.com/users/JShilpa/received_events"],"type":["User"],"site_admin":[false]},"html_url":["https://github.com/JShilpa/Meteor-MonthlyResolutions"],"description":{},"fork":[false],"url":["https://api.github.com/repos/JShilpa/Meteor-MonthlyResolutions"],"forks_url":["https://api.github.com/repos/JShilpa/Meteor-MonthlyResolutions/forks"],"keys_url":["https://api.github.com/repos/JShilpa/Meteor-MonthlyResolutions/keys{/key_id}"],"collaborators_url":["https://api.github.com/repos/JShilpa/Meteor-MonthlyResolutions/collaborators{/collaborator}"],"teams_url":["https://api.github.com/repos/JShilpa/Meteor-MonthlyResolutions/teams"],"hooks_url":["https://api.github.com/repos/JShilpa/Meteor-MonthlyResolutions/hooks"],"issue_events_url":["https://api.github.com/repos/JShilpa/Meteor-MonthlyResolutions/issues/events{/number}"],"events_url":["https://api.github.com/repos/JShilpa/Meteor-MonthlyResolutions/events"],"assignees_url":["https://api.github.com/repos/JShilpa/Meteor-MonthlyResolutions/assignees{/user}"],"branches_url":["https://api.github.com/repos/JShilpa/Meteor-MonthlyResolutions/branches{/branch}"],"tags_url":["https://api.github.com/repos/JShilpa/Meteor-MonthlyResolutions/tags"],"blobs_url":["https://api.github.com/repos/JShilpa/Meteor-MonthlyResolutions/git/blobs{/sha}"],"git_tags_url":["https://api.github.com/repos/JShilpa/Meteor-MonthlyResolutions/git/tags{/sha}"],"git_refs_url":["https://api.github.com/repos/JShilpa/Meteor-MonthlyResolutions/git/refs{/sha}"],"trees_url":["https://api.github.com/repos/JShilpa/Meteor-MonthlyResolutions/git/trees{/sha}"],"statuses_url":["https://api.github.com/repos/JShilpa/Meteor-MonthlyResolutions/statuses/{sha}"],"languages_url":["https://api.github.com/repos/JShilpa/Meteor-MonthlyResolutions/languages"],"stargazers_url":["https://api.github.com/repos/JShilpa/Meteor-MonthlyResolutions/stargazers"],"contributors_url":["https://api.github.com/repos/JShilpa/Meteor-MonthlyResolutions/contributors"],"subscribers_url":["https://api.github.com/repos/JShilpa/Meteor-MonthlyResolutions/subscribers"],"subscription_url":["https://api.github.com/repos/JShilpa/Meteor-MonthlyResolutions/subscription"],"commits_url":["https://api.github.com/repos/JShilpa/Meteor-MonthlyResolutions/commits{/sha}"],"git_commits_url":["https://api.github.com/repos/JShilpa/Meteor-MonthlyResolutions/git/commits{/sha}"],"comments_url":["https://api.github.com/repos/JShilpa/Meteor-MonthlyResolutions/comments{/number}"],"issue_comment_url":["https://api.github.com/repos/JShilpa/Meteor-MonthlyResolutions/issues/comments{/number}"],"contents_url":["https://api.github.com/repos/JShilpa/Meteor-MonthlyResolutions/contents/{+path}"],"compare_url":["https://api.github.com/repos/JShilpa/Meteor-MonthlyResolutions/compare/{base}...{head}"],"merges_url":["https://api.github.com/repos/JShilpa/Meteor-MonthlyResolutions/merges"],"archive_url":["https://api.github.com/repos/JShilpa/Meteor-MonthlyResolutions/{archive_format}{/ref}"],"downloads_url":["https://api.github.com/repos/JShilpa/Meteor-MonthlyResolutions/downloads"],"issues_url":["https://api.github.com/repos/JShilpa/Meteor-MonthlyResolutions/issues{/number}"],"pulls_url":["https://api.github.com/repos/JShilpa/Meteor-MonthlyResolutions/pulls{/number}"],"milestones_url":["https://api.github.com/repos/JShilpa/Meteor-MonthlyResolutions/milestones{/number}"],"notifications_url":["https://api.github.com/repos/JShilpa/Meteor-MonthlyResolutions/notifications{?since,all,participating}"],"labels_url":["https://api.github.com/repos/JShilpa/Meteor-MonthlyResolutions/labels{/name}"],"releases_url":["https://api.github.com/repos/JShilpa/Meteor-MonthlyResolutions/releases{/id}"],"deployments_url":["https://api.github.com/repos/JShilpa/Meteor-MonthlyResolutions/deployments"],"created_at":["2015-12-27T18:09:15Z"],"updated_at":["2015-12-27T18:10:37Z"],"pushed_at":["2015-12-27T18:10:36Z"],"git_url":["git://github.com/JShilpa/Meteor-MonthlyResolutions.git"],"ssh_url":["git@github.com:JShilpa/Meteor-MonthlyResolutions.git"],"clone_url":["https://github.com/JShilpa/Meteor-MonthlyResolutions.git"],"svn_url":["https://github.com/JShilpa/Meteor-MonthlyResolutions"],"homepage":{},"size":[3],"stargazers_count":[0],"watchers_count":[0],"language":["JavaScript"],"has_issues":[true],"has_projects":[true],"has_downloads":[true],"has_wiki":[true],"has_pages":[false],"forks_count":[0],"mirror_url":{},"archived":[false],"disabled":[false],"open_issues_count":[0],"license":{},"forks":[0],"open_issues":[0],"watchers":[0],"default_branch":["master"],"permissions":{"admin":[true],"push":[true],"pull":[true]}}
