{"id":[44757530],"node_id":["MDEwOlJlcG9zaXRvcnk0NDc1NzUzMA=="],"name":["MVC"],"full_name":["JShilpa/MVC"],"private":[false],"owner":{"login":["JShilpa"],"id":[12977242],"node_id":["MDQ6VXNlcjEyOTc3MjQy"],"avatar_url":["https://avatars3.githubusercontent.com/u/12977242?v=4"],"gravatar_id":[""],"url":["https://api.github.com/users/JShilpa"],"html_url":["https://github.com/JShilpa"],"followers_url":["https://api.github.com/users/JShilpa/followers"],"following_url":["https://api.github.com/users/JShilpa/following{/other_user}"],"gists_url":["https://api.github.com/users/JShilpa/gists{/gist_id}"],"starred_url":["https://api.github.com/users/JShilpa/starred{/owner}{/repo}"],"subscriptions_url":["https://api.github.com/users/JShilpa/subscriptions"],"organizations_url":["https://api.github.com/users/JShilpa/orgs"],"repos_url":["https://api.github.com/users/JShilpa/repos"],"events_url":["https://api.github.com/users/JShilpa/events{/privacy}"],"received_events_url":["https://api.github.com/users/JShilpa/received_events"],"type":["User"],"site_admin":[false]},"html_url":["https://github.com/JShilpa/MVC"],"description":{},"fork":[false],"url":["https://api.github.com/repos/JShilpa/MVC"],"forks_url":["https://api.github.com/repos/JShilpa/MVC/forks"],"keys_url":["https://api.github.com/repos/JShilpa/MVC/keys{/key_id}"],"collaborators_url":["https://api.github.com/repos/JShilpa/MVC/collaborators{/collaborator}"],"teams_url":["https://api.github.com/repos/JShilpa/MVC/teams"],"hooks_url":["https://api.github.com/repos/JShilpa/MVC/hooks"],"issue_events_url":["https://api.github.com/repos/JShilpa/MVC/issues/events{/number}"],"events_url":["https://api.github.com/repos/JShilpa/MVC/events"],"assignees_url":["https://api.github.com/repos/JShilpa/MVC/assignees{/user}"],"branches_url":["https://api.github.com/repos/JShilpa/MVC/branches{/branch}"],"tags_url":["https://api.github.com/repos/JShilpa/MVC/tags"],"blobs_url":["https://api.github.com/repos/JShilpa/MVC/git/blobs{/sha}"],"git_tags_url":["https://api.github.com/repos/JShilpa/MVC/git/tags{/sha}"],"git_refs_url":["https://api.github.com/repos/JShilpa/MVC/git/refs{/sha}"],"trees_url":["https://api.github.com/repos/JShilpa/MVC/git/trees{/sha}"],"statuses_url":["https://api.github.com/repos/JShilpa/MVC/statuses/{sha}"],"languages_url":["https://api.github.com/repos/JShilpa/MVC/languages"],"stargazers_url":["https://api.github.com/repos/JShilpa/MVC/stargazers"],"contributors_url":["https://api.github.com/repos/JShilpa/MVC/contributors"],"subscribers_url":["https://api.github.com/repos/JShilpa/MVC/subscribers"],"subscription_url":["https://api.github.com/repos/JShilpa/MVC/subscription"],"commits_url":["https://api.github.com/repos/JShilpa/MVC/commits{/sha}"],"git_commits_url":["https://api.github.com/repos/JShilpa/MVC/git/commits{/sha}"],"comments_url":["https://api.github.com/repos/JShilpa/MVC/comments{/number}"],"issue_comment_url":["https://api.github.com/repos/JShilpa/MVC/issues/comments{/number}"],"contents_url":["https://api.github.com/repos/JShilpa/MVC/contents/{+path}"],"compare_url":["https://api.github.com/repos/JShilpa/MVC/compare/{base}...{head}"],"merges_url":["https://api.github.com/repos/JShilpa/MVC/merges"],"archive_url":["https://api.github.com/repos/JShilpa/MVC/{archive_format}{/ref}"],"downloads_url":["https://api.github.com/repos/JShilpa/MVC/downloads"],"issues_url":["https://api.github.com/repos/JShilpa/MVC/issues{/number}"],"pulls_url":["https://api.github.com/repos/JShilpa/MVC/pulls{/number}"],"milestones_url":["https://api.github.com/repos/JShilpa/MVC/milestones{/number}"],"notifications_url":["https://api.github.com/repos/JShilpa/MVC/notifications{?since,all,participating}"],"labels_url":["https://api.github.com/repos/JShilpa/MVC/labels{/name}"],"releases_url":["https://api.github.com/repos/JShilpa/MVC/releases{/id}"],"deployments_url":["https://api.github.com/repos/JShilpa/MVC/deployments"],"created_at":["2015-10-22T16:14:18Z"],"updated_at":["2015-10-22T16:14:29Z"],"pushed_at":["2015-10-22T16:26:25Z"],"git_url":["git://github.com/JShilpa/MVC.git"],"ssh_url":["git@github.com:JShilpa/MVC.git"],"clone_url":["https://github.com/JShilpa/MVC.git"],"svn_url":["https://github.com/JShilpa/MVC"],"homepage":{},"size":[128],"stargazers_count":[0],"watchers_count":[0],"language":["PHP"],"has_issues":[true],"has_projects":[true],"has_downloads":[true],"has_wiki":[true],"has_pages":[false],"forks_count":[0],"mirror_url":{},"archived":[false],"disabled":[false],"open_issues_count":[0],"license":{},"forks":[0],"open_issues":[0],"watchers":[0],"default_branch":["master"],"permissions":{"admin":[true],"push":[true],"pull":[true]}}
