{"id":[69479483],"node_id":["MDEwOlJlcG9zaXRvcnk2OTQ3OTQ4Mw=="],"name":["node"],"full_name":["JShilpa/node"],"private":[false],"owner":{"login":["JShilpa"],"id":[12977242],"node_id":["MDQ6VXNlcjEyOTc3MjQy"],"avatar_url":["https://avatars3.githubusercontent.com/u/12977242?v=4"],"gravatar_id":[""],"url":["https://api.github.com/users/JShilpa"],"html_url":["https://github.com/JShilpa"],"followers_url":["https://api.github.com/users/JShilpa/followers"],"following_url":["https://api.github.com/users/JShilpa/following{/other_user}"],"gists_url":["https://api.github.com/users/JShilpa/gists{/gist_id}"],"starred_url":["https://api.github.com/users/JShilpa/starred{/owner}{/repo}"],"subscriptions_url":["https://api.github.com/users/JShilpa/subscriptions"],"organizations_url":["https://api.github.com/users/JShilpa/orgs"],"repos_url":["https://api.github.com/users/JShilpa/repos"],"events_url":["https://api.github.com/users/JShilpa/events{/privacy}"],"received_events_url":["https://api.github.com/users/JShilpa/received_events"],"type":["User"],"site_admin":[false]},"html_url":["https://github.com/JShilpa/node"],"description":["Node JS Sample Projects"],"fork":[false],"url":["https://api.github.com/repos/JShilpa/node"],"forks_url":["https://api.github.com/repos/JShilpa/node/forks"],"keys_url":["https://api.github.com/repos/JShilpa/node/keys{/key_id}"],"collaborators_url":["https://api.github.com/repos/JShilpa/node/collaborators{/collaborator}"],"teams_url":["https://api.github.com/repos/JShilpa/node/teams"],"hooks_url":["https://api.github.com/repos/JShilpa/node/hooks"],"issue_events_url":["https://api.github.com/repos/JShilpa/node/issues/events{/number}"],"events_url":["https://api.github.com/repos/JShilpa/node/events"],"assignees_url":["https://api.github.com/repos/JShilpa/node/assignees{/user}"],"branches_url":["https://api.github.com/repos/JShilpa/node/branches{/branch}"],"tags_url":["https://api.github.com/repos/JShilpa/node/tags"],"blobs_url":["https://api.github.com/repos/JShilpa/node/git/blobs{/sha}"],"git_tags_url":["https://api.github.com/repos/JShilpa/node/git/tags{/sha}"],"git_refs_url":["https://api.github.com/repos/JShilpa/node/git/refs{/sha}"],"trees_url":["https://api.github.com/repos/JShilpa/node/git/trees{/sha}"],"statuses_url":["https://api.github.com/repos/JShilpa/node/statuses/{sha}"],"languages_url":["https://api.github.com/repos/JShilpa/node/languages"],"stargazers_url":["https://api.github.com/repos/JShilpa/node/stargazers"],"contributors_url":["https://api.github.com/repos/JShilpa/node/contributors"],"subscribers_url":["https://api.github.com/repos/JShilpa/node/subscribers"],"subscription_url":["https://api.github.com/repos/JShilpa/node/subscription"],"commits_url":["https://api.github.com/repos/JShilpa/node/commits{/sha}"],"git_commits_url":["https://api.github.com/repos/JShilpa/node/git/commits{/sha}"],"comments_url":["https://api.github.com/repos/JShilpa/node/comments{/number}"],"issue_comment_url":["https://api.github.com/repos/JShilpa/node/issues/comments{/number}"],"contents_url":["https://api.github.com/repos/JShilpa/node/contents/{+path}"],"compare_url":["https://api.github.com/repos/JShilpa/node/compare/{base}...{head}"],"merges_url":["https://api.github.com/repos/JShilpa/node/merges"],"archive_url":["https://api.github.com/repos/JShilpa/node/{archive_format}{/ref}"],"downloads_url":["https://api.github.com/repos/JShilpa/node/downloads"],"issues_url":["https://api.github.com/repos/JShilpa/node/issues{/number}"],"pulls_url":["https://api.github.com/repos/JShilpa/node/pulls{/number}"],"milestones_url":["https://api.github.com/repos/JShilpa/node/milestones{/number}"],"notifications_url":["https://api.github.com/repos/JShilpa/node/notifications{?since,all,participating}"],"labels_url":["https://api.github.com/repos/JShilpa/node/labels{/name}"],"releases_url":["https://api.github.com/repos/JShilpa/node/releases{/id}"],"deployments_url":["https://api.github.com/repos/JShilpa/node/deployments"],"created_at":["2016-09-28T15:54:46Z"],"updated_at":["2016-09-28T15:56:40Z"],"pushed_at":["2016-09-28T15:56:39Z"],"git_url":["git://github.com/JShilpa/node.git"],"ssh_url":["git@github.com:JShilpa/node.git"],"clone_url":["https://github.com/JShilpa/node.git"],"svn_url":["https://github.com/JShilpa/node"],"homepage":{},"size":[0],"stargazers_count":[0],"watchers_count":[0],"language":["JavaScript"],"has_issues":[true],"has_projects":[true],"has_downloads":[true],"has_wiki":[true],"has_pages":[false],"forks_count":[0],"mirror_url":{},"archived":[false],"disabled":[false],"open_issues_count":[0],"license":{},"forks":[0],"open_issues":[0],"watchers":[0],"default_branch":["master"],"permissions":{"admin":[true],"push":[true],"pull":[true]}}
