{"id":[87532140],"node_id":["MDEwOlJlcG9zaXRvcnk4NzUzMjE0MA=="],"name":["node-udemy"],"full_name":["JShilpa/node-udemy"],"private":[false],"owner":{"login":["JShilpa"],"id":[12977242],"node_id":["MDQ6VXNlcjEyOTc3MjQy"],"avatar_url":["https://avatars3.githubusercontent.com/u/12977242?v=4"],"gravatar_id":[""],"url":["https://api.github.com/users/JShilpa"],"html_url":["https://github.com/JShilpa"],"followers_url":["https://api.github.com/users/JShilpa/followers"],"following_url":["https://api.github.com/users/JShilpa/following{/other_user}"],"gists_url":["https://api.github.com/users/JShilpa/gists{/gist_id}"],"starred_url":["https://api.github.com/users/JShilpa/starred{/owner}{/repo}"],"subscriptions_url":["https://api.github.com/users/JShilpa/subscriptions"],"organizations_url":["https://api.github.com/users/JShilpa/orgs"],"repos_url":["https://api.github.com/users/JShilpa/repos"],"events_url":["https://api.github.com/users/JShilpa/events{/privacy}"],"received_events_url":["https://api.github.com/users/JShilpa/received_events"],"type":["User"],"site_admin":[false]},"html_url":["https://github.com/JShilpa/node-udemy"],"description":{},"fork":[false],"url":["https://api.github.com/repos/JShilpa/node-udemy"],"forks_url":["https://api.github.com/repos/JShilpa/node-udemy/forks"],"keys_url":["https://api.github.com/repos/JShilpa/node-udemy/keys{/key_id}"],"collaborators_url":["https://api.github.com/repos/JShilpa/node-udemy/collaborators{/collaborator}"],"teams_url":["https://api.github.com/repos/JShilpa/node-udemy/teams"],"hooks_url":["https://api.github.com/repos/JShilpa/node-udemy/hooks"],"issue_events_url":["https://api.github.com/repos/JShilpa/node-udemy/issues/events{/number}"],"events_url":["https://api.github.com/repos/JShilpa/node-udemy/events"],"assignees_url":["https://api.github.com/repos/JShilpa/node-udemy/assignees{/user}"],"branches_url":["https://api.github.com/repos/JShilpa/node-udemy/branches{/branch}"],"tags_url":["https://api.github.com/repos/JShilpa/node-udemy/tags"],"blobs_url":["https://api.github.com/repos/JShilpa/node-udemy/git/blobs{/sha}"],"git_tags_url":["https://api.github.com/repos/JShilpa/node-udemy/git/tags{/sha}"],"git_refs_url":["https://api.github.com/repos/JShilpa/node-udemy/git/refs{/sha}"],"trees_url":["https://api.github.com/repos/JShilpa/node-udemy/git/trees{/sha}"],"statuses_url":["https://api.github.com/repos/JShilpa/node-udemy/statuses/{sha}"],"languages_url":["https://api.github.com/repos/JShilpa/node-udemy/languages"],"stargazers_url":["https://api.github.com/repos/JShilpa/node-udemy/stargazers"],"contributors_url":["https://api.github.com/repos/JShilpa/node-udemy/contributors"],"subscribers_url":["https://api.github.com/repos/JShilpa/node-udemy/subscribers"],"subscription_url":["https://api.github.com/repos/JShilpa/node-udemy/subscription"],"commits_url":["https://api.github.com/repos/JShilpa/node-udemy/commits{/sha}"],"git_commits_url":["https://api.github.com/repos/JShilpa/node-udemy/git/commits{/sha}"],"comments_url":["https://api.github.com/repos/JShilpa/node-udemy/comments{/number}"],"issue_comment_url":["https://api.github.com/repos/JShilpa/node-udemy/issues/comments{/number}"],"contents_url":["https://api.github.com/repos/JShilpa/node-udemy/contents/{+path}"],"compare_url":["https://api.github.com/repos/JShilpa/node-udemy/compare/{base}...{head}"],"merges_url":["https://api.github.com/repos/JShilpa/node-udemy/merges"],"archive_url":["https://api.github.com/repos/JShilpa/node-udemy/{archive_format}{/ref}"],"downloads_url":["https://api.github.com/repos/JShilpa/node-udemy/downloads"],"issues_url":["https://api.github.com/repos/JShilpa/node-udemy/issues{/number}"],"pulls_url":["https://api.github.com/repos/JShilpa/node-udemy/pulls{/number}"],"milestones_url":["https://api.github.com/repos/JShilpa/node-udemy/milestones{/number}"],"notifications_url":["https://api.github.com/repos/JShilpa/node-udemy/notifications{?since,all,participating}"],"labels_url":["https://api.github.com/repos/JShilpa/node-udemy/labels{/name}"],"releases_url":["https://api.github.com/repos/JShilpa/node-udemy/releases{/id}"],"deployments_url":["https://api.github.com/repos/JShilpa/node-udemy/deployments"],"created_at":["2017-04-07T09:59:10Z"],"updated_at":["2017-04-07T09:59:10Z"],"pushed_at":["2017-04-07T09:59:10Z"],"git_url":["git://github.com/JShilpa/node-udemy.git"],"ssh_url":["git@github.com:JShilpa/node-udemy.git"],"clone_url":["https://github.com/JShilpa/node-udemy.git"],"svn_url":["https://github.com/JShilpa/node-udemy"],"homepage":{},"size":[0],"stargazers_count":[0],"watchers_count":[0],"language":{},"has_issues":[true],"has_projects":[true],"has_downloads":[true],"has_wiki":[true],"has_pages":[false],"forks_count":[0],"mirror_url":{},"archived":[false],"disabled":[false],"open_issues_count":[0],"license":{},"forks":[0],"open_issues":[0],"watchers":[0],"default_branch":["master"],"permissions":{"admin":[true],"push":[true],"pull":[true]}}
