{"id":[116119103],"node_id":["MDEwOlJlcG9zaXRvcnkxMTYxMTkxMDM="],"name":["Python-Programs"],"full_name":["JShilpa/Python-Programs"],"private":[false],"owner":{"login":["JShilpa"],"id":[12977242],"node_id":["MDQ6VXNlcjEyOTc3MjQy"],"avatar_url":["https://avatars3.githubusercontent.com/u/12977242?v=4"],"gravatar_id":[""],"url":["https://api.github.com/users/JShilpa"],"html_url":["https://github.com/JShilpa"],"followers_url":["https://api.github.com/users/JShilpa/followers"],"following_url":["https://api.github.com/users/JShilpa/following{/other_user}"],"gists_url":["https://api.github.com/users/JShilpa/gists{/gist_id}"],"starred_url":["https://api.github.com/users/JShilpa/starred{/owner}{/repo}"],"subscriptions_url":["https://api.github.com/users/JShilpa/subscriptions"],"organizations_url":["https://api.github.com/users/JShilpa/orgs"],"repos_url":["https://api.github.com/users/JShilpa/repos"],"events_url":["https://api.github.com/users/JShilpa/events{/privacy}"],"received_events_url":["https://api.github.com/users/JShilpa/received_events"],"type":["User"],"site_admin":[false]},"html_url":["https://github.com/JShilpa/Python-Programs"],"description":["Collection of my Python programs and notes on Python basics, Data Structures and  Algorithms."],"fork":[false],"url":["https://api.github.com/repos/JShilpa/Python-Programs"],"forks_url":["https://api.github.com/repos/JShilpa/Python-Programs/forks"],"keys_url":["https://api.github.com/repos/JShilpa/Python-Programs/keys{/key_id}"],"collaborators_url":["https://api.github.com/repos/JShilpa/Python-Programs/collaborators{/collaborator}"],"teams_url":["https://api.github.com/repos/JShilpa/Python-Programs/teams"],"hooks_url":["https://api.github.com/repos/JShilpa/Python-Programs/hooks"],"issue_events_url":["https://api.github.com/repos/JShilpa/Python-Programs/issues/events{/number}"],"events_url":["https://api.github.com/repos/JShilpa/Python-Programs/events"],"assignees_url":["https://api.github.com/repos/JShilpa/Python-Programs/assignees{/user}"],"branches_url":["https://api.github.com/repos/JShilpa/Python-Programs/branches{/branch}"],"tags_url":["https://api.github.com/repos/JShilpa/Python-Programs/tags"],"blobs_url":["https://api.github.com/repos/JShilpa/Python-Programs/git/blobs{/sha}"],"git_tags_url":["https://api.github.com/repos/JShilpa/Python-Programs/git/tags{/sha}"],"git_refs_url":["https://api.github.com/repos/JShilpa/Python-Programs/git/refs{/sha}"],"trees_url":["https://api.github.com/repos/JShilpa/Python-Programs/git/trees{/sha}"],"statuses_url":["https://api.github.com/repos/JShilpa/Python-Programs/statuses/{sha}"],"languages_url":["https://api.github.com/repos/JShilpa/Python-Programs/languages"],"stargazers_url":["https://api.github.com/repos/JShilpa/Python-Programs/stargazers"],"contributors_url":["https://api.github.com/repos/JShilpa/Python-Programs/contributors"],"subscribers_url":["https://api.github.com/repos/JShilpa/Python-Programs/subscribers"],"subscription_url":["https://api.github.com/repos/JShilpa/Python-Programs/subscription"],"commits_url":["https://api.github.com/repos/JShilpa/Python-Programs/commits{/sha}"],"git_commits_url":["https://api.github.com/repos/JShilpa/Python-Programs/git/commits{/sha}"],"comments_url":["https://api.github.com/repos/JShilpa/Python-Programs/comments{/number}"],"issue_comment_url":["https://api.github.com/repos/JShilpa/Python-Programs/issues/comments{/number}"],"contents_url":["https://api.github.com/repos/JShilpa/Python-Programs/contents/{+path}"],"compare_url":["https://api.github.com/repos/JShilpa/Python-Programs/compare/{base}...{head}"],"merges_url":["https://api.github.com/repos/JShilpa/Python-Programs/merges"],"archive_url":["https://api.github.com/repos/JShilpa/Python-Programs/{archive_format}{/ref}"],"downloads_url":["https://api.github.com/repos/JShilpa/Python-Programs/downloads"],"issues_url":["https://api.github.com/repos/JShilpa/Python-Programs/issues{/number}"],"pulls_url":["https://api.github.com/repos/JShilpa/Python-Programs/pulls{/number}"],"milestones_url":["https://api.github.com/repos/JShilpa/Python-Programs/milestones{/number}"],"notifications_url":["https://api.github.com/repos/JShilpa/Python-Programs/notifications{?since,all,participating}"],"labels_url":["https://api.github.com/repos/JShilpa/Python-Programs/labels{/name}"],"releases_url":["https://api.github.com/repos/JShilpa/Python-Programs/releases{/id}"],"deployments_url":["https://api.github.com/repos/JShilpa/Python-Programs/deployments"],"created_at":["2018-01-03T09:36:29Z"],"updated_at":["2019-03-09T09:34:41Z"],"pushed_at":["2018-05-16T18:38:18Z"],"git_url":["git://github.com/JShilpa/Python-Programs.git"],"ssh_url":["git@github.com:JShilpa/Python-Programs.git"],"clone_url":["https://github.com/JShilpa/Python-Programs.git"],"svn_url":["https://github.com/JShilpa/Python-Programs"],"homepage":[""],"size":[28],"stargazers_count":[10],"watchers_count":[10],"language":["Python"],"has_issues":[true],"has_projects":[true],"has_downloads":[true],"has_wiki":[true],"has_pages":[false],"forks_count":[3],"mirror_url":{},"archived":[false],"disabled":[false],"open_issues_count":[0],"license":{},"forks":[3],"open_issues":[0],"watchers":[10],"default_branch":["master"],"permissions":{"admin":[true],"push":[true],"pull":[true]}}
