{"id":[47329122],"node_id":["MDEwOlJlcG9zaXRvcnk0NzMyOTEyMg=="],"name":["React"],"full_name":["JShilpa/React"],"private":[false],"owner":{"login":["JShilpa"],"id":[12977242],"node_id":["MDQ6VXNlcjEyOTc3MjQy"],"avatar_url":["https://avatars3.githubusercontent.com/u/12977242?v=4"],"gravatar_id":[""],"url":["https://api.github.com/users/JShilpa"],"html_url":["https://github.com/JShilpa"],"followers_url":["https://api.github.com/users/JShilpa/followers"],"following_url":["https://api.github.com/users/JShilpa/following{/other_user}"],"gists_url":["https://api.github.com/users/JShilpa/gists{/gist_id}"],"starred_url":["https://api.github.com/users/JShilpa/starred{/owner}{/repo}"],"subscriptions_url":["https://api.github.com/users/JShilpa/subscriptions"],"organizations_url":["https://api.github.com/users/JShilpa/orgs"],"repos_url":["https://api.github.com/users/JShilpa/repos"],"events_url":["https://api.github.com/users/JShilpa/events{/privacy}"],"received_events_url":["https://api.github.com/users/JShilpa/received_events"],"type":["User"],"site_admin":[false]},"html_url":["https://github.com/JShilpa/React"],"description":{},"fork":[false],"url":["https://api.github.com/repos/JShilpa/React"],"forks_url":["https://api.github.com/repos/JShilpa/React/forks"],"keys_url":["https://api.github.com/repos/JShilpa/React/keys{/key_id}"],"collaborators_url":["https://api.github.com/repos/JShilpa/React/collaborators{/collaborator}"],"teams_url":["https://api.github.com/repos/JShilpa/React/teams"],"hooks_url":["https://api.github.com/repos/JShilpa/React/hooks"],"issue_events_url":["https://api.github.com/repos/JShilpa/React/issues/events{/number}"],"events_url":["https://api.github.com/repos/JShilpa/React/events"],"assignees_url":["https://api.github.com/repos/JShilpa/React/assignees{/user}"],"branches_url":["https://api.github.com/repos/JShilpa/React/branches{/branch}"],"tags_url":["https://api.github.com/repos/JShilpa/React/tags"],"blobs_url":["https://api.github.com/repos/JShilpa/React/git/blobs{/sha}"],"git_tags_url":["https://api.github.com/repos/JShilpa/React/git/tags{/sha}"],"git_refs_url":["https://api.github.com/repos/JShilpa/React/git/refs{/sha}"],"trees_url":["https://api.github.com/repos/JShilpa/React/git/trees{/sha}"],"statuses_url":["https://api.github.com/repos/JShilpa/React/statuses/{sha}"],"languages_url":["https://api.github.com/repos/JShilpa/React/languages"],"stargazers_url":["https://api.github.com/repos/JShilpa/React/stargazers"],"contributors_url":["https://api.github.com/repos/JShilpa/React/contributors"],"subscribers_url":["https://api.github.com/repos/JShilpa/React/subscribers"],"subscription_url":["https://api.github.com/repos/JShilpa/React/subscription"],"commits_url":["https://api.github.com/repos/JShilpa/React/commits{/sha}"],"git_commits_url":["https://api.github.com/repos/JShilpa/React/git/commits{/sha}"],"comments_url":["https://api.github.com/repos/JShilpa/React/comments{/number}"],"issue_comment_url":["https://api.github.com/repos/JShilpa/React/issues/comments{/number}"],"contents_url":["https://api.github.com/repos/JShilpa/React/contents/{+path}"],"compare_url":["https://api.github.com/repos/JShilpa/React/compare/{base}...{head}"],"merges_url":["https://api.github.com/repos/JShilpa/React/merges"],"archive_url":["https://api.github.com/repos/JShilpa/React/{archive_format}{/ref}"],"downloads_url":["https://api.github.com/repos/JShilpa/React/downloads"],"issues_url":["https://api.github.com/repos/JShilpa/React/issues{/number}"],"pulls_url":["https://api.github.com/repos/JShilpa/React/pulls{/number}"],"milestones_url":["https://api.github.com/repos/JShilpa/React/milestones{/number}"],"notifications_url":["https://api.github.com/repos/JShilpa/React/notifications{?since,all,participating}"],"labels_url":["https://api.github.com/repos/JShilpa/React/labels{/name}"],"releases_url":["https://api.github.com/repos/JShilpa/React/releases{/id}"],"deployments_url":["https://api.github.com/repos/JShilpa/React/deployments"],"created_at":["2015-12-03T11:57:55Z"],"updated_at":["2015-12-03T12:00:44Z"],"pushed_at":["2015-12-03T12:00:44Z"],"git_url":["git://github.com/JShilpa/React.git"],"ssh_url":["git@github.com:JShilpa/React.git"],"clone_url":["https://github.com/JShilpa/React.git"],"svn_url":["https://github.com/JShilpa/React"],"homepage":{},"size":[271],"stargazers_count":[0],"watchers_count":[0],"language":["HTML"],"has_issues":[true],"has_projects":[true],"has_downloads":[true],"has_wiki":[true],"has_pages":[false],"forks_count":[0],"mirror_url":{},"archived":[false],"disabled":[false],"open_issues_count":[0],"license":{},"forks":[0],"open_issues":[0],"watchers":[0],"default_branch":["master"],"permissions":{"admin":[true],"push":[true],"pull":[true]}}
