{"id":[87534041],"node_id":["MDEwOlJlcG9zaXRvcnk4NzUzNDA0MQ=="],"name":["React-Starter"],"full_name":["JShilpa/React-Starter"],"private":[false],"owner":{"login":["JShilpa"],"id":[12977242],"node_id":["MDQ6VXNlcjEyOTc3MjQy"],"avatar_url":["https://avatars3.githubusercontent.com/u/12977242?v=4"],"gravatar_id":[""],"url":["https://api.github.com/users/JShilpa"],"html_url":["https://github.com/JShilpa"],"followers_url":["https://api.github.com/users/JShilpa/followers"],"following_url":["https://api.github.com/users/JShilpa/following{/other_user}"],"gists_url":["https://api.github.com/users/JShilpa/gists{/gist_id}"],"starred_url":["https://api.github.com/users/JShilpa/starred{/owner}{/repo}"],"subscriptions_url":["https://api.github.com/users/JShilpa/subscriptions"],"organizations_url":["https://api.github.com/users/JShilpa/orgs"],"repos_url":["https://api.github.com/users/JShilpa/repos"],"events_url":["https://api.github.com/users/JShilpa/events{/privacy}"],"received_events_url":["https://api.github.com/users/JShilpa/received_events"],"type":["User"],"site_admin":[false]},"html_url":["https://github.com/JShilpa/React-Starter"],"description":{},"fork":[false],"url":["https://api.github.com/repos/JShilpa/React-Starter"],"forks_url":["https://api.github.com/repos/JShilpa/React-Starter/forks"],"keys_url":["https://api.github.com/repos/JShilpa/React-Starter/keys{/key_id}"],"collaborators_url":["https://api.github.com/repos/JShilpa/React-Starter/collaborators{/collaborator}"],"teams_url":["https://api.github.com/repos/JShilpa/React-Starter/teams"],"hooks_url":["https://api.github.com/repos/JShilpa/React-Starter/hooks"],"issue_events_url":["https://api.github.com/repos/JShilpa/React-Starter/issues/events{/number}"],"events_url":["https://api.github.com/repos/JShilpa/React-Starter/events"],"assignees_url":["https://api.github.com/repos/JShilpa/React-Starter/assignees{/user}"],"branches_url":["https://api.github.com/repos/JShilpa/React-Starter/branches{/branch}"],"tags_url":["https://api.github.com/repos/JShilpa/React-Starter/tags"],"blobs_url":["https://api.github.com/repos/JShilpa/React-Starter/git/blobs{/sha}"],"git_tags_url":["https://api.github.com/repos/JShilpa/React-Starter/git/tags{/sha}"],"git_refs_url":["https://api.github.com/repos/JShilpa/React-Starter/git/refs{/sha}"],"trees_url":["https://api.github.com/repos/JShilpa/React-Starter/git/trees{/sha}"],"statuses_url":["https://api.github.com/repos/JShilpa/React-Starter/statuses/{sha}"],"languages_url":["https://api.github.com/repos/JShilpa/React-Starter/languages"],"stargazers_url":["https://api.github.com/repos/JShilpa/React-Starter/stargazers"],"contributors_url":["https://api.github.com/repos/JShilpa/React-Starter/contributors"],"subscribers_url":["https://api.github.com/repos/JShilpa/React-Starter/subscribers"],"subscription_url":["https://api.github.com/repos/JShilpa/React-Starter/subscription"],"commits_url":["https://api.github.com/repos/JShilpa/React-Starter/commits{/sha}"],"git_commits_url":["https://api.github.com/repos/JShilpa/React-Starter/git/commits{/sha}"],"comments_url":["https://api.github.com/repos/JShilpa/React-Starter/comments{/number}"],"issue_comment_url":["https://api.github.com/repos/JShilpa/React-Starter/issues/comments{/number}"],"contents_url":["https://api.github.com/repos/JShilpa/React-Starter/contents/{+path}"],"compare_url":["https://api.github.com/repos/JShilpa/React-Starter/compare/{base}...{head}"],"merges_url":["https://api.github.com/repos/JShilpa/React-Starter/merges"],"archive_url":["https://api.github.com/repos/JShilpa/React-Starter/{archive_format}{/ref}"],"downloads_url":["https://api.github.com/repos/JShilpa/React-Starter/downloads"],"issues_url":["https://api.github.com/repos/JShilpa/React-Starter/issues{/number}"],"pulls_url":["https://api.github.com/repos/JShilpa/React-Starter/pulls{/number}"],"milestones_url":["https://api.github.com/repos/JShilpa/React-Starter/milestones{/number}"],"notifications_url":["https://api.github.com/repos/JShilpa/React-Starter/notifications{?since,all,participating}"],"labels_url":["https://api.github.com/repos/JShilpa/React-Starter/labels{/name}"],"releases_url":["https://api.github.com/repos/JShilpa/React-Starter/releases{/id}"],"deployments_url":["https://api.github.com/repos/JShilpa/React-Starter/deployments"],"created_at":["2017-04-07T10:21:01Z"],"updated_at":["2017-04-07T10:25:46Z"],"pushed_at":["2017-04-07T10:25:44Z"],"git_url":["git://github.com/JShilpa/React-Starter.git"],"ssh_url":["git@github.com:JShilpa/React-Starter.git"],"clone_url":["https://github.com/JShilpa/React-Starter.git"],"svn_url":["https://github.com/JShilpa/React-Starter"],"homepage":{},"size":[903],"stargazers_count":[0],"watchers_count":[0],"language":["JavaScript"],"has_issues":[true],"has_projects":[true],"has_downloads":[true],"has_wiki":[true],"has_pages":[false],"forks_count":[0],"mirror_url":{},"archived":[false],"disabled":[false],"open_issues_count":[0],"license":{},"forks":[0],"open_issues":[0],"watchers":[0],"default_branch":["master"],"permissions":{"admin":[true],"push":[true],"pull":[true]}}
