{"id":[44758543],"node_id":["MDEwOlJlcG9zaXRvcnk0NDc1ODU0Mw=="],"name":["Real-time-Chat"],"full_name":["JShilpa/Real-time-Chat"],"private":[false],"owner":{"login":["JShilpa"],"id":[12977242],"node_id":["MDQ6VXNlcjEyOTc3MjQy"],"avatar_url":["https://avatars3.githubusercontent.com/u/12977242?v=4"],"gravatar_id":[""],"url":["https://api.github.com/users/JShilpa"],"html_url":["https://github.com/JShilpa"],"followers_url":["https://api.github.com/users/JShilpa/followers"],"following_url":["https://api.github.com/users/JShilpa/following{/other_user}"],"gists_url":["https://api.github.com/users/JShilpa/gists{/gist_id}"],"starred_url":["https://api.github.com/users/JShilpa/starred{/owner}{/repo}"],"subscriptions_url":["https://api.github.com/users/JShilpa/subscriptions"],"organizations_url":["https://api.github.com/users/JShilpa/orgs"],"repos_url":["https://api.github.com/users/JShilpa/repos"],"events_url":["https://api.github.com/users/JShilpa/events{/privacy}"],"received_events_url":["https://api.github.com/users/JShilpa/received_events"],"type":["User"],"site_admin":[false]},"html_url":["https://github.com/JShilpa/Real-time-Chat"],"description":{},"fork":[false],"url":["https://api.github.com/repos/JShilpa/Real-time-Chat"],"forks_url":["https://api.github.com/repos/JShilpa/Real-time-Chat/forks"],"keys_url":["https://api.github.com/repos/JShilpa/Real-time-Chat/keys{/key_id}"],"collaborators_url":["https://api.github.com/repos/JShilpa/Real-time-Chat/collaborators{/collaborator}"],"teams_url":["https://api.github.com/repos/JShilpa/Real-time-Chat/teams"],"hooks_url":["https://api.github.com/repos/JShilpa/Real-time-Chat/hooks"],"issue_events_url":["https://api.github.com/repos/JShilpa/Real-time-Chat/issues/events{/number}"],"events_url":["https://api.github.com/repos/JShilpa/Real-time-Chat/events"],"assignees_url":["https://api.github.com/repos/JShilpa/Real-time-Chat/assignees{/user}"],"branches_url":["https://api.github.com/repos/JShilpa/Real-time-Chat/branches{/branch}"],"tags_url":["https://api.github.com/repos/JShilpa/Real-time-Chat/tags"],"blobs_url":["https://api.github.com/repos/JShilpa/Real-time-Chat/git/blobs{/sha}"],"git_tags_url":["https://api.github.com/repos/JShilpa/Real-time-Chat/git/tags{/sha}"],"git_refs_url":["https://api.github.com/repos/JShilpa/Real-time-Chat/git/refs{/sha}"],"trees_url":["https://api.github.com/repos/JShilpa/Real-time-Chat/git/trees{/sha}"],"statuses_url":["https://api.github.com/repos/JShilpa/Real-time-Chat/statuses/{sha}"],"languages_url":["https://api.github.com/repos/JShilpa/Real-time-Chat/languages"],"stargazers_url":["https://api.github.com/repos/JShilpa/Real-time-Chat/stargazers"],"contributors_url":["https://api.github.com/repos/JShilpa/Real-time-Chat/contributors"],"subscribers_url":["https://api.github.com/repos/JShilpa/Real-time-Chat/subscribers"],"subscription_url":["https://api.github.com/repos/JShilpa/Real-time-Chat/subscription"],"commits_url":["https://api.github.com/repos/JShilpa/Real-time-Chat/commits{/sha}"],"git_commits_url":["https://api.github.com/repos/JShilpa/Real-time-Chat/git/commits{/sha}"],"comments_url":["https://api.github.com/repos/JShilpa/Real-time-Chat/comments{/number}"],"issue_comment_url":["https://api.github.com/repos/JShilpa/Real-time-Chat/issues/comments{/number}"],"contents_url":["https://api.github.com/repos/JShilpa/Real-time-Chat/contents/{+path}"],"compare_url":["https://api.github.com/repos/JShilpa/Real-time-Chat/compare/{base}...{head}"],"merges_url":["https://api.github.com/repos/JShilpa/Real-time-Chat/merges"],"archive_url":["https://api.github.com/repos/JShilpa/Real-time-Chat/{archive_format}{/ref}"],"downloads_url":["https://api.github.com/repos/JShilpa/Real-time-Chat/downloads"],"issues_url":["https://api.github.com/repos/JShilpa/Real-time-Chat/issues{/number}"],"pulls_url":["https://api.github.com/repos/JShilpa/Real-time-Chat/pulls{/number}"],"milestones_url":["https://api.github.com/repos/JShilpa/Real-time-Chat/milestones{/number}"],"notifications_url":["https://api.github.com/repos/JShilpa/Real-time-Chat/notifications{?since,all,participating}"],"labels_url":["https://api.github.com/repos/JShilpa/Real-time-Chat/labels{/name}"],"releases_url":["https://api.github.com/repos/JShilpa/Real-time-Chat/releases{/id}"],"deployments_url":["https://api.github.com/repos/JShilpa/Real-time-Chat/deployments"],"created_at":["2015-10-22T16:31:18Z"],"updated_at":["2015-10-22T16:34:17Z"],"pushed_at":["2015-10-22T16:34:16Z"],"git_url":["git://github.com/JShilpa/Real-time-Chat.git"],"ssh_url":["git@github.com:JShilpa/Real-time-Chat.git"],"clone_url":["https://github.com/JShilpa/Real-time-Chat.git"],"svn_url":["https://github.com/JShilpa/Real-time-Chat"],"homepage":{},"size":[2412],"stargazers_count":[0],"watchers_count":[0],"language":["HTML"],"has_issues":[true],"has_projects":[true],"has_downloads":[true],"has_wiki":[true],"has_pages":[false],"forks_count":[0],"mirror_url":{},"archived":[false],"disabled":[false],"open_issues_count":[0],"license":{},"forks":[0],"open_issues":[0],"watchers":[0],"default_branch":["master"],"permissions":{"admin":[true],"push":[true],"pull":[true]}}
