{"id":[133467098],"node_id":["MDEwOlJlcG9zaXRvcnkxMzM0NjcwOTg="],"name":["SQL"],"full_name":["JShilpa/SQL"],"private":[false],"owner":{"login":["JShilpa"],"id":[12977242],"node_id":["MDQ6VXNlcjEyOTc3MjQy"],"avatar_url":["https://avatars3.githubusercontent.com/u/12977242?v=4"],"gravatar_id":[""],"url":["https://api.github.com/users/JShilpa"],"html_url":["https://github.com/JShilpa"],"followers_url":["https://api.github.com/users/JShilpa/followers"],"following_url":["https://api.github.com/users/JShilpa/following{/other_user}"],"gists_url":["https://api.github.com/users/JShilpa/gists{/gist_id}"],"starred_url":["https://api.github.com/users/JShilpa/starred{/owner}{/repo}"],"subscriptions_url":["https://api.github.com/users/JShilpa/subscriptions"],"organizations_url":["https://api.github.com/users/JShilpa/orgs"],"repos_url":["https://api.github.com/users/JShilpa/repos"],"events_url":["https://api.github.com/users/JShilpa/events{/privacy}"],"received_events_url":["https://api.github.com/users/JShilpa/received_events"],"type":["User"],"site_admin":[false]},"html_url":["https://github.com/JShilpa/SQL"],"description":["HackerRank MySQL challenges, SQL With Python, SQLite3 and Pandas "],"fork":[false],"url":["https://api.github.com/repos/JShilpa/SQL"],"forks_url":["https://api.github.com/repos/JShilpa/SQL/forks"],"keys_url":["https://api.github.com/repos/JShilpa/SQL/keys{/key_id}"],"collaborators_url":["https://api.github.com/repos/JShilpa/SQL/collaborators{/collaborator}"],"teams_url":["https://api.github.com/repos/JShilpa/SQL/teams"],"hooks_url":["https://api.github.com/repos/JShilpa/SQL/hooks"],"issue_events_url":["https://api.github.com/repos/JShilpa/SQL/issues/events{/number}"],"events_url":["https://api.github.com/repos/JShilpa/SQL/events"],"assignees_url":["https://api.github.com/repos/JShilpa/SQL/assignees{/user}"],"branches_url":["https://api.github.com/repos/JShilpa/SQL/branches{/branch}"],"tags_url":["https://api.github.com/repos/JShilpa/SQL/tags"],"blobs_url":["https://api.github.com/repos/JShilpa/SQL/git/blobs{/sha}"],"git_tags_url":["https://api.github.com/repos/JShilpa/SQL/git/tags{/sha}"],"git_refs_url":["https://api.github.com/repos/JShilpa/SQL/git/refs{/sha}"],"trees_url":["https://api.github.com/repos/JShilpa/SQL/git/trees{/sha}"],"statuses_url":["https://api.github.com/repos/JShilpa/SQL/statuses/{sha}"],"languages_url":["https://api.github.com/repos/JShilpa/SQL/languages"],"stargazers_url":["https://api.github.com/repos/JShilpa/SQL/stargazers"],"contributors_url":["https://api.github.com/repos/JShilpa/SQL/contributors"],"subscribers_url":["https://api.github.com/repos/JShilpa/SQL/subscribers"],"subscription_url":["https://api.github.com/repos/JShilpa/SQL/subscription"],"commits_url":["https://api.github.com/repos/JShilpa/SQL/commits{/sha}"],"git_commits_url":["https://api.github.com/repos/JShilpa/SQL/git/commits{/sha}"],"comments_url":["https://api.github.com/repos/JShilpa/SQL/comments{/number}"],"issue_comment_url":["https://api.github.com/repos/JShilpa/SQL/issues/comments{/number}"],"contents_url":["https://api.github.com/repos/JShilpa/SQL/contents/{+path}"],"compare_url":["https://api.github.com/repos/JShilpa/SQL/compare/{base}...{head}"],"merges_url":["https://api.github.com/repos/JShilpa/SQL/merges"],"archive_url":["https://api.github.com/repos/JShilpa/SQL/{archive_format}{/ref}"],"downloads_url":["https://api.github.com/repos/JShilpa/SQL/downloads"],"issues_url":["https://api.github.com/repos/JShilpa/SQL/issues{/number}"],"pulls_url":["https://api.github.com/repos/JShilpa/SQL/pulls{/number}"],"milestones_url":["https://api.github.com/repos/JShilpa/SQL/milestones{/number}"],"notifications_url":["https://api.github.com/repos/JShilpa/SQL/notifications{?since,all,participating}"],"labels_url":["https://api.github.com/repos/JShilpa/SQL/labels{/name}"],"releases_url":["https://api.github.com/repos/JShilpa/SQL/releases{/id}"],"deployments_url":["https://api.github.com/repos/JShilpa/SQL/deployments"],"created_at":["2018-05-15T06:07:24Z"],"updated_at":["2018-05-23T18:04:21Z"],"pushed_at":["2018-05-23T18:04:19Z"],"git_url":["git://github.com/JShilpa/SQL.git"],"ssh_url":["git@github.com:JShilpa/SQL.git"],"clone_url":["https://github.com/JShilpa/SQL.git"],"svn_url":["https://github.com/JShilpa/SQL"],"homepage":[""],"size":[6],"stargazers_count":[0],"watchers_count":[0],"language":["Jupyter Notebook"],"has_issues":[true],"has_projects":[true],"has_downloads":[true],"has_wiki":[true],"has_pages":[false],"forks_count":[0],"mirror_url":{},"archived":[false],"disabled":[false],"open_issues_count":[0],"license":{},"forks":[0],"open_issues":[0],"watchers":[0],"default_branch":["master"],"permissions":{"admin":[true],"push":[true],"pull":[true]}}
