{"id":[151183315],"node_id":["MDEwOlJlcG9zaXRvcnkxNTExODMzMTU="],"name":["Startup-Predictor"],"full_name":["JShilpa/Startup-Predictor"],"private":[false],"owner":{"login":["JShilpa"],"id":[12977242],"node_id":["MDQ6VXNlcjEyOTc3MjQy"],"avatar_url":["https://avatars3.githubusercontent.com/u/12977242?v=4"],"gravatar_id":[""],"url":["https://api.github.com/users/JShilpa"],"html_url":["https://github.com/JShilpa"],"followers_url":["https://api.github.com/users/JShilpa/followers"],"following_url":["https://api.github.com/users/JShilpa/following{/other_user}"],"gists_url":["https://api.github.com/users/JShilpa/gists{/gist_id}"],"starred_url":["https://api.github.com/users/JShilpa/starred{/owner}{/repo}"],"subscriptions_url":["https://api.github.com/users/JShilpa/subscriptions"],"organizations_url":["https://api.github.com/users/JShilpa/orgs"],"repos_url":["https://api.github.com/users/JShilpa/repos"],"events_url":["https://api.github.com/users/JShilpa/events{/privacy}"],"received_events_url":["https://api.github.com/users/JShilpa/received_events"],"type":["User"],"site_admin":[false]},"html_url":["https://github.com/JShilpa/Startup-Predictor"],"description":{},"fork":[false],"url":["https://api.github.com/repos/JShilpa/Startup-Predictor"],"forks_url":["https://api.github.com/repos/JShilpa/Startup-Predictor/forks"],"keys_url":["https://api.github.com/repos/JShilpa/Startup-Predictor/keys{/key_id}"],"collaborators_url":["https://api.github.com/repos/JShilpa/Startup-Predictor/collaborators{/collaborator}"],"teams_url":["https://api.github.com/repos/JShilpa/Startup-Predictor/teams"],"hooks_url":["https://api.github.com/repos/JShilpa/Startup-Predictor/hooks"],"issue_events_url":["https://api.github.com/repos/JShilpa/Startup-Predictor/issues/events{/number}"],"events_url":["https://api.github.com/repos/JShilpa/Startup-Predictor/events"],"assignees_url":["https://api.github.com/repos/JShilpa/Startup-Predictor/assignees{/user}"],"branches_url":["https://api.github.com/repos/JShilpa/Startup-Predictor/branches{/branch}"],"tags_url":["https://api.github.com/repos/JShilpa/Startup-Predictor/tags"],"blobs_url":["https://api.github.com/repos/JShilpa/Startup-Predictor/git/blobs{/sha}"],"git_tags_url":["https://api.github.com/repos/JShilpa/Startup-Predictor/git/tags{/sha}"],"git_refs_url":["https://api.github.com/repos/JShilpa/Startup-Predictor/git/refs{/sha}"],"trees_url":["https://api.github.com/repos/JShilpa/Startup-Predictor/git/trees{/sha}"],"statuses_url":["https://api.github.com/repos/JShilpa/Startup-Predictor/statuses/{sha}"],"languages_url":["https://api.github.com/repos/JShilpa/Startup-Predictor/languages"],"stargazers_url":["https://api.github.com/repos/JShilpa/Startup-Predictor/stargazers"],"contributors_url":["https://api.github.com/repos/JShilpa/Startup-Predictor/contributors"],"subscribers_url":["https://api.github.com/repos/JShilpa/Startup-Predictor/subscribers"],"subscription_url":["https://api.github.com/repos/JShilpa/Startup-Predictor/subscription"],"commits_url":["https://api.github.com/repos/JShilpa/Startup-Predictor/commits{/sha}"],"git_commits_url":["https://api.github.com/repos/JShilpa/Startup-Predictor/git/commits{/sha}"],"comments_url":["https://api.github.com/repos/JShilpa/Startup-Predictor/comments{/number}"],"issue_comment_url":["https://api.github.com/repos/JShilpa/Startup-Predictor/issues/comments{/number}"],"contents_url":["https://api.github.com/repos/JShilpa/Startup-Predictor/contents/{+path}"],"compare_url":["https://api.github.com/repos/JShilpa/Startup-Predictor/compare/{base}...{head}"],"merges_url":["https://api.github.com/repos/JShilpa/Startup-Predictor/merges"],"archive_url":["https://api.github.com/repos/JShilpa/Startup-Predictor/{archive_format}{/ref}"],"downloads_url":["https://api.github.com/repos/JShilpa/Startup-Predictor/downloads"],"issues_url":["https://api.github.com/repos/JShilpa/Startup-Predictor/issues{/number}"],"pulls_url":["https://api.github.com/repos/JShilpa/Startup-Predictor/pulls{/number}"],"milestones_url":["https://api.github.com/repos/JShilpa/Startup-Predictor/milestones{/number}"],"notifications_url":["https://api.github.com/repos/JShilpa/Startup-Predictor/notifications{?since,all,participating}"],"labels_url":["https://api.github.com/repos/JShilpa/Startup-Predictor/labels{/name}"],"releases_url":["https://api.github.com/repos/JShilpa/Startup-Predictor/releases{/id}"],"deployments_url":["https://api.github.com/repos/JShilpa/Startup-Predictor/deployments"],"created_at":["2018-10-02T01:13:55Z"],"updated_at":["2018-10-02T23:30:41Z"],"pushed_at":["2018-10-02T23:30:40Z"],"git_url":["git://github.com/JShilpa/Startup-Predictor.git"],"ssh_url":["git@github.com:JShilpa/Startup-Predictor.git"],"clone_url":["https://github.com/JShilpa/Startup-Predictor.git"],"svn_url":["https://github.com/JShilpa/Startup-Predictor"],"homepage":{},"size":[3011],"stargazers_count":[0],"watchers_count":[0],"language":["Jupyter Notebook"],"has_issues":[true],"has_projects":[true],"has_downloads":[true],"has_wiki":[true],"has_pages":[false],"forks_count":[0],"mirror_url":{},"archived":[false],"disabled":[false],"open_issues_count":[0],"license":{},"forks":[0],"open_issues":[0],"watchers":[0],"default_branch":["master"],"permissions":{"admin":[true],"push":[true],"pull":[true]}}
