{"id":[78400958],"node_id":["MDEwOlJlcG9zaXRvcnk3ODQwMDk1OA=="],"name":["Vue-Js-2"],"full_name":["JShilpa/Vue-Js-2"],"private":[false],"owner":{"login":["JShilpa"],"id":[12977242],"node_id":["MDQ6VXNlcjEyOTc3MjQy"],"avatar_url":["https://avatars3.githubusercontent.com/u/12977242?v=4"],"gravatar_id":[""],"url":["https://api.github.com/users/JShilpa"],"html_url":["https://github.com/JShilpa"],"followers_url":["https://api.github.com/users/JShilpa/followers"],"following_url":["https://api.github.com/users/JShilpa/following{/other_user}"],"gists_url":["https://api.github.com/users/JShilpa/gists{/gist_id}"],"starred_url":["https://api.github.com/users/JShilpa/starred{/owner}{/repo}"],"subscriptions_url":["https://api.github.com/users/JShilpa/subscriptions"],"organizations_url":["https://api.github.com/users/JShilpa/orgs"],"repos_url":["https://api.github.com/users/JShilpa/repos"],"events_url":["https://api.github.com/users/JShilpa/events{/privacy}"],"received_events_url":["https://api.github.com/users/JShilpa/received_events"],"type":["User"],"site_admin":[false]},"html_url":["https://github.com/JShilpa/Vue-Js-2"],"description":{},"fork":[false],"url":["https://api.github.com/repos/JShilpa/Vue-Js-2"],"forks_url":["https://api.github.com/repos/JShilpa/Vue-Js-2/forks"],"keys_url":["https://api.github.com/repos/JShilpa/Vue-Js-2/keys{/key_id}"],"collaborators_url":["https://api.github.com/repos/JShilpa/Vue-Js-2/collaborators{/collaborator}"],"teams_url":["https://api.github.com/repos/JShilpa/Vue-Js-2/teams"],"hooks_url":["https://api.github.com/repos/JShilpa/Vue-Js-2/hooks"],"issue_events_url":["https://api.github.com/repos/JShilpa/Vue-Js-2/issues/events{/number}"],"events_url":["https://api.github.com/repos/JShilpa/Vue-Js-2/events"],"assignees_url":["https://api.github.com/repos/JShilpa/Vue-Js-2/assignees{/user}"],"branches_url":["https://api.github.com/repos/JShilpa/Vue-Js-2/branches{/branch}"],"tags_url":["https://api.github.com/repos/JShilpa/Vue-Js-2/tags"],"blobs_url":["https://api.github.com/repos/JShilpa/Vue-Js-2/git/blobs{/sha}"],"git_tags_url":["https://api.github.com/repos/JShilpa/Vue-Js-2/git/tags{/sha}"],"git_refs_url":["https://api.github.com/repos/JShilpa/Vue-Js-2/git/refs{/sha}"],"trees_url":["https://api.github.com/repos/JShilpa/Vue-Js-2/git/trees{/sha}"],"statuses_url":["https://api.github.com/repos/JShilpa/Vue-Js-2/statuses/{sha}"],"languages_url":["https://api.github.com/repos/JShilpa/Vue-Js-2/languages"],"stargazers_url":["https://api.github.com/repos/JShilpa/Vue-Js-2/stargazers"],"contributors_url":["https://api.github.com/repos/JShilpa/Vue-Js-2/contributors"],"subscribers_url":["https://api.github.com/repos/JShilpa/Vue-Js-2/subscribers"],"subscription_url":["https://api.github.com/repos/JShilpa/Vue-Js-2/subscription"],"commits_url":["https://api.github.com/repos/JShilpa/Vue-Js-2/commits{/sha}"],"git_commits_url":["https://api.github.com/repos/JShilpa/Vue-Js-2/git/commits{/sha}"],"comments_url":["https://api.github.com/repos/JShilpa/Vue-Js-2/comments{/number}"],"issue_comment_url":["https://api.github.com/repos/JShilpa/Vue-Js-2/issues/comments{/number}"],"contents_url":["https://api.github.com/repos/JShilpa/Vue-Js-2/contents/{+path}"],"compare_url":["https://api.github.com/repos/JShilpa/Vue-Js-2/compare/{base}...{head}"],"merges_url":["https://api.github.com/repos/JShilpa/Vue-Js-2/merges"],"archive_url":["https://api.github.com/repos/JShilpa/Vue-Js-2/{archive_format}{/ref}"],"downloads_url":["https://api.github.com/repos/JShilpa/Vue-Js-2/downloads"],"issues_url":["https://api.github.com/repos/JShilpa/Vue-Js-2/issues{/number}"],"pulls_url":["https://api.github.com/repos/JShilpa/Vue-Js-2/pulls{/number}"],"milestones_url":["https://api.github.com/repos/JShilpa/Vue-Js-2/milestones{/number}"],"notifications_url":["https://api.github.com/repos/JShilpa/Vue-Js-2/notifications{?since,all,participating}"],"labels_url":["https://api.github.com/repos/JShilpa/Vue-Js-2/labels{/name}"],"releases_url":["https://api.github.com/repos/JShilpa/Vue-Js-2/releases{/id}"],"deployments_url":["https://api.github.com/repos/JShilpa/Vue-Js-2/deployments"],"created_at":["2017-01-09T06:38:49Z"],"updated_at":["2017-01-09T07:06:34Z"],"pushed_at":["2017-01-09T10:02:26Z"],"git_url":["git://github.com/JShilpa/Vue-Js-2.git"],"ssh_url":["git@github.com:JShilpa/Vue-Js-2.git"],"clone_url":["https://github.com/JShilpa/Vue-Js-2.git"],"svn_url":["https://github.com/JShilpa/Vue-Js-2"],"homepage":{},"size":[1],"stargazers_count":[0],"watchers_count":[0],"language":["HTML"],"has_issues":[true],"has_projects":[true],"has_downloads":[true],"has_wiki":[true],"has_pages":[false],"forks_count":[0],"mirror_url":{},"archived":[false],"disabled":[false],"open_issues_count":[0],"license":{},"forks":[0],"open_issues":[0],"watchers":[0],"default_branch":["master"],"permissions":{"admin":[true],"push":[true],"pull":[true]}}
