{"id":[87530932],"node_id":["MDEwOlJlcG9zaXRvcnk4NzUzMDkzMg=="],"name":["wit-ai"],"full_name":["JShilpa/wit-ai"],"private":[false],"owner":{"login":["JShilpa"],"id":[12977242],"node_id":["MDQ6VXNlcjEyOTc3MjQy"],"avatar_url":["https://avatars3.githubusercontent.com/u/12977242?v=4"],"gravatar_id":[""],"url":["https://api.github.com/users/JShilpa"],"html_url":["https://github.com/JShilpa"],"followers_url":["https://api.github.com/users/JShilpa/followers"],"following_url":["https://api.github.com/users/JShilpa/following{/other_user}"],"gists_url":["https://api.github.com/users/JShilpa/gists{/gist_id}"],"starred_url":["https://api.github.com/users/JShilpa/starred{/owner}{/repo}"],"subscriptions_url":["https://api.github.com/users/JShilpa/subscriptions"],"organizations_url":["https://api.github.com/users/JShilpa/orgs"],"repos_url":["https://api.github.com/users/JShilpa/repos"],"events_url":["https://api.github.com/users/JShilpa/events{/privacy}"],"received_events_url":["https://api.github.com/users/JShilpa/received_events"],"type":["User"],"site_admin":[false]},"html_url":["https://github.com/JShilpa/wit-ai"],"description":{},"fork":[false],"url":["https://api.github.com/repos/JShilpa/wit-ai"],"forks_url":["https://api.github.com/repos/JShilpa/wit-ai/forks"],"keys_url":["https://api.github.com/repos/JShilpa/wit-ai/keys{/key_id}"],"collaborators_url":["https://api.github.com/repos/JShilpa/wit-ai/collaborators{/collaborator}"],"teams_url":["https://api.github.com/repos/JShilpa/wit-ai/teams"],"hooks_url":["https://api.github.com/repos/JShilpa/wit-ai/hooks"],"issue_events_url":["https://api.github.com/repos/JShilpa/wit-ai/issues/events{/number}"],"events_url":["https://api.github.com/repos/JShilpa/wit-ai/events"],"assignees_url":["https://api.github.com/repos/JShilpa/wit-ai/assignees{/user}"],"branches_url":["https://api.github.com/repos/JShilpa/wit-ai/branches{/branch}"],"tags_url":["https://api.github.com/repos/JShilpa/wit-ai/tags"],"blobs_url":["https://api.github.com/repos/JShilpa/wit-ai/git/blobs{/sha}"],"git_tags_url":["https://api.github.com/repos/JShilpa/wit-ai/git/tags{/sha}"],"git_refs_url":["https://api.github.com/repos/JShilpa/wit-ai/git/refs{/sha}"],"trees_url":["https://api.github.com/repos/JShilpa/wit-ai/git/trees{/sha}"],"statuses_url":["https://api.github.com/repos/JShilpa/wit-ai/statuses/{sha}"],"languages_url":["https://api.github.com/repos/JShilpa/wit-ai/languages"],"stargazers_url":["https://api.github.com/repos/JShilpa/wit-ai/stargazers"],"contributors_url":["https://api.github.com/repos/JShilpa/wit-ai/contributors"],"subscribers_url":["https://api.github.com/repos/JShilpa/wit-ai/subscribers"],"subscription_url":["https://api.github.com/repos/JShilpa/wit-ai/subscription"],"commits_url":["https://api.github.com/repos/JShilpa/wit-ai/commits{/sha}"],"git_commits_url":["https://api.github.com/repos/JShilpa/wit-ai/git/commits{/sha}"],"comments_url":["https://api.github.com/repos/JShilpa/wit-ai/comments{/number}"],"issue_comment_url":["https://api.github.com/repos/JShilpa/wit-ai/issues/comments{/number}"],"contents_url":["https://api.github.com/repos/JShilpa/wit-ai/contents/{+path}"],"compare_url":["https://api.github.com/repos/JShilpa/wit-ai/compare/{base}...{head}"],"merges_url":["https://api.github.com/repos/JShilpa/wit-ai/merges"],"archive_url":["https://api.github.com/repos/JShilpa/wit-ai/{archive_format}{/ref}"],"downloads_url":["https://api.github.com/repos/JShilpa/wit-ai/downloads"],"issues_url":["https://api.github.com/repos/JShilpa/wit-ai/issues{/number}"],"pulls_url":["https://api.github.com/repos/JShilpa/wit-ai/pulls{/number}"],"milestones_url":["https://api.github.com/repos/JShilpa/wit-ai/milestones{/number}"],"notifications_url":["https://api.github.com/repos/JShilpa/wit-ai/notifications{?since,all,participating}"],"labels_url":["https://api.github.com/repos/JShilpa/wit-ai/labels{/name}"],"releases_url":["https://api.github.com/repos/JShilpa/wit-ai/releases{/id}"],"deployments_url":["https://api.github.com/repos/JShilpa/wit-ai/deployments"],"created_at":["2017-04-07T09:45:49Z"],"updated_at":["2017-04-07T09:47:12Z"],"pushed_at":["2017-04-07T09:47:09Z"],"git_url":["git://github.com/JShilpa/wit-ai.git"],"ssh_url":["git@github.com:JShilpa/wit-ai.git"],"clone_url":["https://github.com/JShilpa/wit-ai.git"],"svn_url":["https://github.com/JShilpa/wit-ai"],"homepage":{},"size":[5712],"stargazers_count":[0],"watchers_count":[0],"language":["JavaScript"],"has_issues":[true],"has_projects":[true],"has_downloads":[true],"has_wiki":[true],"has_pages":[false],"forks_count":[0],"mirror_url":{},"archived":[false],"disabled":[false],"open_issues_count":[0],"license":{"key":["mit"],"name":["MIT License"],"spdx_id":["MIT"],"url":["https://api.github.com/licenses/mit"],"node_id":["MDc6TGljZW5zZTEz"]},"forks":[0],"open_issues":[0],"watchers":[0],"default_branch":["master"],"permissions":{"admin":[true],"push":[true],"pull":[true]}}
