{"id":[62540028],"node_id":["MDEwOlJlcG9zaXRvcnk2MjU0MDAyOA=="],"name":["woothemes"],"full_name":["JShilpa/woothemes"],"private":[false],"owner":{"login":["JShilpa"],"id":[12977242],"node_id":["MDQ6VXNlcjEyOTc3MjQy"],"avatar_url":["https://avatars3.githubusercontent.com/u/12977242?v=4"],"gravatar_id":[""],"url":["https://api.github.com/users/JShilpa"],"html_url":["https://github.com/JShilpa"],"followers_url":["https://api.github.com/users/JShilpa/followers"],"following_url":["https://api.github.com/users/JShilpa/following{/other_user}"],"gists_url":["https://api.github.com/users/JShilpa/gists{/gist_id}"],"starred_url":["https://api.github.com/users/JShilpa/starred{/owner}{/repo}"],"subscriptions_url":["https://api.github.com/users/JShilpa/subscriptions"],"organizations_url":["https://api.github.com/users/JShilpa/orgs"],"repos_url":["https://api.github.com/users/JShilpa/repos"],"events_url":["https://api.github.com/users/JShilpa/events{/privacy}"],"received_events_url":["https://api.github.com/users/JShilpa/received_events"],"type":["User"],"site_admin":[false]},"html_url":["https://github.com/JShilpa/woothemes"],"description":["Making custom WooCommerce themes"],"fork":[false],"url":["https://api.github.com/repos/JShilpa/woothemes"],"forks_url":["https://api.github.com/repos/JShilpa/woothemes/forks"],"keys_url":["https://api.github.com/repos/JShilpa/woothemes/keys{/key_id}"],"collaborators_url":["https://api.github.com/repos/JShilpa/woothemes/collaborators{/collaborator}"],"teams_url":["https://api.github.com/repos/JShilpa/woothemes/teams"],"hooks_url":["https://api.github.com/repos/JShilpa/woothemes/hooks"],"issue_events_url":["https://api.github.com/repos/JShilpa/woothemes/issues/events{/number}"],"events_url":["https://api.github.com/repos/JShilpa/woothemes/events"],"assignees_url":["https://api.github.com/repos/JShilpa/woothemes/assignees{/user}"],"branches_url":["https://api.github.com/repos/JShilpa/woothemes/branches{/branch}"],"tags_url":["https://api.github.com/repos/JShilpa/woothemes/tags"],"blobs_url":["https://api.github.com/repos/JShilpa/woothemes/git/blobs{/sha}"],"git_tags_url":["https://api.github.com/repos/JShilpa/woothemes/git/tags{/sha}"],"git_refs_url":["https://api.github.com/repos/JShilpa/woothemes/git/refs{/sha}"],"trees_url":["https://api.github.com/repos/JShilpa/woothemes/git/trees{/sha}"],"statuses_url":["https://api.github.com/repos/JShilpa/woothemes/statuses/{sha}"],"languages_url":["https://api.github.com/repos/JShilpa/woothemes/languages"],"stargazers_url":["https://api.github.com/repos/JShilpa/woothemes/stargazers"],"contributors_url":["https://api.github.com/repos/JShilpa/woothemes/contributors"],"subscribers_url":["https://api.github.com/repos/JShilpa/woothemes/subscribers"],"subscription_url":["https://api.github.com/repos/JShilpa/woothemes/subscription"],"commits_url":["https://api.github.com/repos/JShilpa/woothemes/commits{/sha}"],"git_commits_url":["https://api.github.com/repos/JShilpa/woothemes/git/commits{/sha}"],"comments_url":["https://api.github.com/repos/JShilpa/woothemes/comments{/number}"],"issue_comment_url":["https://api.github.com/repos/JShilpa/woothemes/issues/comments{/number}"],"contents_url":["https://api.github.com/repos/JShilpa/woothemes/contents/{+path}"],"compare_url":["https://api.github.com/repos/JShilpa/woothemes/compare/{base}...{head}"],"merges_url":["https://api.github.com/repos/JShilpa/woothemes/merges"],"archive_url":["https://api.github.com/repos/JShilpa/woothemes/{archive_format}{/ref}"],"downloads_url":["https://api.github.com/repos/JShilpa/woothemes/downloads"],"issues_url":["https://api.github.com/repos/JShilpa/woothemes/issues{/number}"],"pulls_url":["https://api.github.com/repos/JShilpa/woothemes/pulls{/number}"],"milestones_url":["https://api.github.com/repos/JShilpa/woothemes/milestones{/number}"],"notifications_url":["https://api.github.com/repos/JShilpa/woothemes/notifications{?since,all,participating}"],"labels_url":["https://api.github.com/repos/JShilpa/woothemes/labels{/name}"],"releases_url":["https://api.github.com/repos/JShilpa/woothemes/releases{/id}"],"deployments_url":["https://api.github.com/repos/JShilpa/woothemes/deployments"],"created_at":["2016-07-04T07:16:34Z"],"updated_at":["2016-07-04T07:18:15Z"],"pushed_at":["2016-07-04T07:18:14Z"],"git_url":["git://github.com/JShilpa/woothemes.git"],"ssh_url":["git@github.com:JShilpa/woothemes.git"],"clone_url":["https://github.com/JShilpa/woothemes.git"],"svn_url":["https://github.com/JShilpa/woothemes"],"homepage":{},"size":[2355],"stargazers_count":[0],"watchers_count":[0],"language":["PHP"],"has_issues":[true],"has_projects":[true],"has_downloads":[true],"has_wiki":[true],"has_pages":[false],"forks_count":[0],"mirror_url":{},"archived":[false],"disabled":[false],"open_issues_count":[0],"license":{},"forks":[0],"open_issues":[0],"watchers":[0],"default_branch":["master"],"permissions":{"admin":[true],"push":[true],"pull":[true]}}
