{"id":[48654934],"node_id":["MDEwOlJlcG9zaXRvcnk0ODY1NDkzNA=="],"name":["WordPress101"],"full_name":["JShilpa/WordPress101"],"private":[false],"owner":{"login":["JShilpa"],"id":[12977242],"node_id":["MDQ6VXNlcjEyOTc3MjQy"],"avatar_url":["https://avatars3.githubusercontent.com/u/12977242?v=4"],"gravatar_id":[""],"url":["https://api.github.com/users/JShilpa"],"html_url":["https://github.com/JShilpa"],"followers_url":["https://api.github.com/users/JShilpa/followers"],"following_url":["https://api.github.com/users/JShilpa/following{/other_user}"],"gists_url":["https://api.github.com/users/JShilpa/gists{/gist_id}"],"starred_url":["https://api.github.com/users/JShilpa/starred{/owner}{/repo}"],"subscriptions_url":["https://api.github.com/users/JShilpa/subscriptions"],"organizations_url":["https://api.github.com/users/JShilpa/orgs"],"repos_url":["https://api.github.com/users/JShilpa/repos"],"events_url":["https://api.github.com/users/JShilpa/events{/privacy}"],"received_events_url":["https://api.github.com/users/JShilpa/received_events"],"type":["User"],"site_admin":[false]},"html_url":["https://github.com/JShilpa/WordPress101"],"description":["Public Repository for the tutorial series \"Wordpress 101 for beginner develoeprs\""],"fork":[true],"url":["https://api.github.com/repos/JShilpa/WordPress101"],"forks_url":["https://api.github.com/repos/JShilpa/WordPress101/forks"],"keys_url":["https://api.github.com/repos/JShilpa/WordPress101/keys{/key_id}"],"collaborators_url":["https://api.github.com/repos/JShilpa/WordPress101/collaborators{/collaborator}"],"teams_url":["https://api.github.com/repos/JShilpa/WordPress101/teams"],"hooks_url":["https://api.github.com/repos/JShilpa/WordPress101/hooks"],"issue_events_url":["https://api.github.com/repos/JShilpa/WordPress101/issues/events{/number}"],"events_url":["https://api.github.com/repos/JShilpa/WordPress101/events"],"assignees_url":["https://api.github.com/repos/JShilpa/WordPress101/assignees{/user}"],"branches_url":["https://api.github.com/repos/JShilpa/WordPress101/branches{/branch}"],"tags_url":["https://api.github.com/repos/JShilpa/WordPress101/tags"],"blobs_url":["https://api.github.com/repos/JShilpa/WordPress101/git/blobs{/sha}"],"git_tags_url":["https://api.github.com/repos/JShilpa/WordPress101/git/tags{/sha}"],"git_refs_url":["https://api.github.com/repos/JShilpa/WordPress101/git/refs{/sha}"],"trees_url":["https://api.github.com/repos/JShilpa/WordPress101/git/trees{/sha}"],"statuses_url":["https://api.github.com/repos/JShilpa/WordPress101/statuses/{sha}"],"languages_url":["https://api.github.com/repos/JShilpa/WordPress101/languages"],"stargazers_url":["https://api.github.com/repos/JShilpa/WordPress101/stargazers"],"contributors_url":["https://api.github.com/repos/JShilpa/WordPress101/contributors"],"subscribers_url":["https://api.github.com/repos/JShilpa/WordPress101/subscribers"],"subscription_url":["https://api.github.com/repos/JShilpa/WordPress101/subscription"],"commits_url":["https://api.github.com/repos/JShilpa/WordPress101/commits{/sha}"],"git_commits_url":["https://api.github.com/repos/JShilpa/WordPress101/git/commits{/sha}"],"comments_url":["https://api.github.com/repos/JShilpa/WordPress101/comments{/number}"],"issue_comment_url":["https://api.github.com/repos/JShilpa/WordPress101/issues/comments{/number}"],"contents_url":["https://api.github.com/repos/JShilpa/WordPress101/contents/{+path}"],"compare_url":["https://api.github.com/repos/JShilpa/WordPress101/compare/{base}...{head}"],"merges_url":["https://api.github.com/repos/JShilpa/WordPress101/merges"],"archive_url":["https://api.github.com/repos/JShilpa/WordPress101/{archive_format}{/ref}"],"downloads_url":["https://api.github.com/repos/JShilpa/WordPress101/downloads"],"issues_url":["https://api.github.com/repos/JShilpa/WordPress101/issues{/number}"],"pulls_url":["https://api.github.com/repos/JShilpa/WordPress101/pulls{/number}"],"milestones_url":["https://api.github.com/repos/JShilpa/WordPress101/milestones{/number}"],"notifications_url":["https://api.github.com/repos/JShilpa/WordPress101/notifications{?since,all,participating}"],"labels_url":["https://api.github.com/repos/JShilpa/WordPress101/labels{/name}"],"releases_url":["https://api.github.com/repos/JShilpa/WordPress101/releases{/id}"],"deployments_url":["https://api.github.com/repos/JShilpa/WordPress101/deployments"],"created_at":["2015-12-27T18:04:07Z"],"updated_at":["2015-12-27T18:04:08Z"],"pushed_at":["2015-09-27T21:27:59Z"],"git_url":["git://github.com/JShilpa/WordPress101.git"],"ssh_url":["git@github.com:JShilpa/WordPress101.git"],"clone_url":["https://github.com/JShilpa/WordPress101.git"],"svn_url":["https://github.com/JShilpa/WordPress101"],"homepage":{},"size":[385],"stargazers_count":[0],"watchers_count":[0],"language":["PHP"],"has_issues":[false],"has_projects":[true],"has_downloads":[true],"has_wiki":[true],"has_pages":[false],"forks_count":[0],"mirror_url":{},"archived":[false],"disabled":[false],"open_issues_count":[0],"license":{"key":["gpl-2.0"],"name":["GNU General Public License v2.0"],"spdx_id":["GPL-2.0"],"url":["https://api.github.com/licenses/gpl-2.0"],"node_id":["MDc6TGljZW5zZTg="]},"forks":[0],"open_issues":[0],"watchers":[0],"default_branch":["master"],"permissions":{"admin":[true],"push":[true],"pull":[true]}}
