{"id":[48654969],"node_id":["MDEwOlJlcG9zaXRvcnk0ODY1NDk2OQ=="],"name":["Wordpress-Custom-Theme"],"full_name":["JShilpa/Wordpress-Custom-Theme"],"private":[false],"owner":{"login":["JShilpa"],"id":[12977242],"node_id":["MDQ6VXNlcjEyOTc3MjQy"],"avatar_url":["https://avatars3.githubusercontent.com/u/12977242?v=4"],"gravatar_id":[""],"url":["https://api.github.com/users/JShilpa"],"html_url":["https://github.com/JShilpa"],"followers_url":["https://api.github.com/users/JShilpa/followers"],"following_url":["https://api.github.com/users/JShilpa/following{/other_user}"],"gists_url":["https://api.github.com/users/JShilpa/gists{/gist_id}"],"starred_url":["https://api.github.com/users/JShilpa/starred{/owner}{/repo}"],"subscriptions_url":["https://api.github.com/users/JShilpa/subscriptions"],"organizations_url":["https://api.github.com/users/JShilpa/orgs"],"repos_url":["https://api.github.com/users/JShilpa/repos"],"events_url":["https://api.github.com/users/JShilpa/events{/privacy}"],"received_events_url":["https://api.github.com/users/JShilpa/received_events"],"type":["User"],"site_admin":[false]},"html_url":["https://github.com/JShilpa/Wordpress-Custom-Theme"],"description":{},"fork":[false],"url":["https://api.github.com/repos/JShilpa/Wordpress-Custom-Theme"],"forks_url":["https://api.github.com/repos/JShilpa/Wordpress-Custom-Theme/forks"],"keys_url":["https://api.github.com/repos/JShilpa/Wordpress-Custom-Theme/keys{/key_id}"],"collaborators_url":["https://api.github.com/repos/JShilpa/Wordpress-Custom-Theme/collaborators{/collaborator}"],"teams_url":["https://api.github.com/repos/JShilpa/Wordpress-Custom-Theme/teams"],"hooks_url":["https://api.github.com/repos/JShilpa/Wordpress-Custom-Theme/hooks"],"issue_events_url":["https://api.github.com/repos/JShilpa/Wordpress-Custom-Theme/issues/events{/number}"],"events_url":["https://api.github.com/repos/JShilpa/Wordpress-Custom-Theme/events"],"assignees_url":["https://api.github.com/repos/JShilpa/Wordpress-Custom-Theme/assignees{/user}"],"branches_url":["https://api.github.com/repos/JShilpa/Wordpress-Custom-Theme/branches{/branch}"],"tags_url":["https://api.github.com/repos/JShilpa/Wordpress-Custom-Theme/tags"],"blobs_url":["https://api.github.com/repos/JShilpa/Wordpress-Custom-Theme/git/blobs{/sha}"],"git_tags_url":["https://api.github.com/repos/JShilpa/Wordpress-Custom-Theme/git/tags{/sha}"],"git_refs_url":["https://api.github.com/repos/JShilpa/Wordpress-Custom-Theme/git/refs{/sha}"],"trees_url":["https://api.github.com/repos/JShilpa/Wordpress-Custom-Theme/git/trees{/sha}"],"statuses_url":["https://api.github.com/repos/JShilpa/Wordpress-Custom-Theme/statuses/{sha}"],"languages_url":["https://api.github.com/repos/JShilpa/Wordpress-Custom-Theme/languages"],"stargazers_url":["https://api.github.com/repos/JShilpa/Wordpress-Custom-Theme/stargazers"],"contributors_url":["https://api.github.com/repos/JShilpa/Wordpress-Custom-Theme/contributors"],"subscribers_url":["https://api.github.com/repos/JShilpa/Wordpress-Custom-Theme/subscribers"],"subscription_url":["https://api.github.com/repos/JShilpa/Wordpress-Custom-Theme/subscription"],"commits_url":["https://api.github.com/repos/JShilpa/Wordpress-Custom-Theme/commits{/sha}"],"git_commits_url":["https://api.github.com/repos/JShilpa/Wordpress-Custom-Theme/git/commits{/sha}"],"comments_url":["https://api.github.com/repos/JShilpa/Wordpress-Custom-Theme/comments{/number}"],"issue_comment_url":["https://api.github.com/repos/JShilpa/Wordpress-Custom-Theme/issues/comments{/number}"],"contents_url":["https://api.github.com/repos/JShilpa/Wordpress-Custom-Theme/contents/{+path}"],"compare_url":["https://api.github.com/repos/JShilpa/Wordpress-Custom-Theme/compare/{base}...{head}"],"merges_url":["https://api.github.com/repos/JShilpa/Wordpress-Custom-Theme/merges"],"archive_url":["https://api.github.com/repos/JShilpa/Wordpress-Custom-Theme/{archive_format}{/ref}"],"downloads_url":["https://api.github.com/repos/JShilpa/Wordpress-Custom-Theme/downloads"],"issues_url":["https://api.github.com/repos/JShilpa/Wordpress-Custom-Theme/issues{/number}"],"pulls_url":["https://api.github.com/repos/JShilpa/Wordpress-Custom-Theme/pulls{/number}"],"milestones_url":["https://api.github.com/repos/JShilpa/Wordpress-Custom-Theme/milestones{/number}"],"notifications_url":["https://api.github.com/repos/JShilpa/Wordpress-Custom-Theme/notifications{?since,all,participating}"],"labels_url":["https://api.github.com/repos/JShilpa/Wordpress-Custom-Theme/labels{/name}"],"releases_url":["https://api.github.com/repos/JShilpa/Wordpress-Custom-Theme/releases{/id}"],"deployments_url":["https://api.github.com/repos/JShilpa/Wordpress-Custom-Theme/deployments"],"created_at":["2015-12-27T18:05:28Z"],"updated_at":["2015-12-27T18:06:20Z"],"pushed_at":["2015-12-27T18:16:03Z"],"git_url":["git://github.com/JShilpa/Wordpress-Custom-Theme.git"],"ssh_url":["git@github.com:JShilpa/Wordpress-Custom-Theme.git"],"clone_url":["https://github.com/JShilpa/Wordpress-Custom-Theme.git"],"svn_url":["https://github.com/JShilpa/Wordpress-Custom-Theme"],"homepage":{},"size":[121],"stargazers_count":[0],"watchers_count":[0],"language":["PHP"],"has_issues":[true],"has_projects":[true],"has_downloads":[true],"has_wiki":[true],"has_pages":[false],"forks_count":[0],"mirror_url":{},"archived":[false],"disabled":[false],"open_issues_count":[0],"license":{},"forks":[0],"open_issues":[0],"watchers":[0],"default_branch":["master"],"permissions":{"admin":[true],"push":[true],"pull":[true]}}
