[
  {
    "url": "https://api.github.com/repos/JShilpa/Angular-Workshop/issues/2",
    "repository_url": "https://api.github.com/repos/JShilpa/Angular-Workshop",
    "labels_url": "https://api.github.com/repos/JShilpa/Angular-Workshop/issues/2/labels{/name}",
    "comments_url": "https://api.github.com/repos/JShilpa/Angular-Workshop/issues/2/comments",
    "events_url": "https://api.github.com/repos/JShilpa/Angular-Workshop/issues/2/events",
    "html_url": "https://github.com/JShilpa/Angular-Workshop/issues/2",
    "id": 429423215,
    "node_id": "MDU6SXNzdWU0Mjk0MjMyMTU=",
    "number": 2,
    "title": "Update all Dependency",
    "user": {
      "login": "JShilpa",
      "id": 12977242,
      "node_id": "MDQ6VXNlcjEyOTc3MjQy",
      "avatar_url": "https://avatars3.githubusercontent.com/u/12977242?v=4",
      "gravatar_id": "",
      "url": "https://api.github.com/users/JShilpa",
      "html_url": "https://github.com/JShilpa",
      "followers_url": "https://api.github.com/users/JShilpa/followers",
      "following_url": "https://api.github.com/users/JShilpa/following{/other_user}",
      "gists_url": "https://api.github.com/users/JShilpa/gists{/gist_id}",
      "starred_url": "https://api.github.com/users/JShilpa/starred{/owner}{/repo}",
      "subscriptions_url": "https://api.github.com/users/JShilpa/subscriptions",
      "organizations_url": "https://api.github.com/users/JShilpa/orgs",
      "repos_url": "https://api.github.com/users/JShilpa/repos",
      "events_url": "https://api.github.com/users/JShilpa/events{/privacy}",
      "received_events_url": "https://api.github.com/users/JShilpa/received_events",
      "type": "User",
      "site_admin": false
    },
    "labels": [

    ],
    "state": "closed",
    "locked": false,
    "assignee": null,
    "assignees": [

    ],
    "milestone": null,
    "comments": 0,
    "created_at": "2019-04-04T18:32:31Z",
    "updated_at": "2019-04-04T18:46:55Z",
    "closed_at": "2019-04-04T18:46:55Z",
    "author_association": "OWNER",
    "body": ""
  },
  {
    "url": "https://api.github.com/repos/JShilpa/Angular-Workshop/issues/1",
    "repository_url": "https://api.github.com/repos/JShilpa/Angular-Workshop",
    "labels_url": "https://api.github.com/repos/JShilpa/Angular-Workshop/issues/1/labels{/name}",
    "comments_url": "https://api.github.com/repos/JShilpa/Angular-Workshop/issues/1/comments",
    "events_url": "https://api.github.com/repos/JShilpa/Angular-Workshop/issues/1/events",
    "html_url": "https://github.com/JShilpa/Angular-Workshop/pull/1",
    "id": 321858833,
    "node_id": "MDExOlB1bGxSZXF1ZXN0MTg3MTM3MDc0",
    "number": 1,
    "title": "modified readme file",
    "user": {
      "login": "JShilpa",
      "id": 12977242,
      "node_id": "MDQ6VXNlcjEyOTc3MjQy",
      "avatar_url": "https://avatars3.githubusercontent.com/u/12977242?v=4",
      "gravatar_id": "",
      "url": "https://api.github.com/users/JShilpa",
      "html_url": "https://github.com/JShilpa",
      "followers_url": "https://api.github.com/users/JShilpa/followers",
      "following_url": "https://api.github.com/users/JShilpa/following{/other_user}",
      "gists_url": "https://api.github.com/users/JShilpa/gists{/gist_id}",
      "starred_url": "https://api.github.com/users/JShilpa/starred{/owner}{/repo}",
      "subscriptions_url": "https://api.github.com/users/JShilpa/subscriptions",
      "organizations_url": "https://api.github.com/users/JShilpa/orgs",
      "repos_url": "https://api.github.com/users/JShilpa/repos",
      "events_url": "https://api.github.com/users/JShilpa/events{/privacy}",
      "received_events_url": "https://api.github.com/users/JShilpa/received_events",
      "type": "User",
      "site_admin": false
    },
    "labels": [
      {
        "id": 878401734,
        "node_id": "MDU6TGFiZWw4Nzg0MDE3MzQ=",
        "url": "https://api.github.com/repos/JShilpa/Angular-Workshop/labels/good%20first%20issue",
        "name": "good first issue",
        "color": "7057ff",
        "default": true
      },
      {
        "id": 878401733,
        "node_id": "MDU6TGFiZWw4Nzg0MDE3MzM=",
        "url": "https://api.github.com/repos/JShilpa/Angular-Workshop/labels/help%20wanted",
        "name": "help wanted",
        "color": "008672",
        "default": true
      }
    ],
    "state": "open",
    "locked": false,
    "assignee": null,
    "assignees": [

    ],
    "milestone": null,
    "comments": 0,
    "created_at": "2018-05-10T08:58:01Z",
    "updated_at": "2019-04-04T18:31:47Z",
    "closed_at": null,
    "author_association": "OWNER",
    "pull_request": {
      "url": "https://api.github.com/repos/JShilpa/Angular-Workshop/pulls/1",
      "html_url": "https://github.com/JShilpa/Angular-Workshop/pull/1",
      "diff_url": "https://github.com/JShilpa/Angular-Workshop/pull/1.diff",
      "patch_url": "https://github.com/JShilpa/Angular-Workshop/pull/1.patch"
    },
    "body": "Modified Readme.md file using another branch"
  }
]

